# Resource object code (Python 3)
# Created by: object code
# Created by: The Resource Compiler for Qt version 6.10.1
# WARNING! All changes made in this file will be lost!

from PyQt6 import QtCore

qt_resource_data = b"\
\x00\x00\xa4a\
(\
\xb5/\xfd\xa0\x96\xa5\x05\x00\xcc\xf1\x02j\xfd\x12\xb8;\
\x10\x10L;\x06\xc0\x14\xd4\xb4\xff\x02\x00by\xb4\x0b\
\x06\xfd?\xd2\x12\x7f\xd9\xf6go\xfb\xfa\xff\xef\xd5\xfe\
I\xe8\x1a&\xbem\xfe8\x8e\xd3|\x96r\x9bg)\
\x97\xc3|\xd8<M\xd34m\x99\x02[\x0bw\x0b]\
\x0b\xa9YUus3\xd6\xe0\xc3\xb1+\xe3D\xab\xa0\
\xd8\xe2\x180h\xf8\xf9|\x0eOL\x8c\x10\xcf\x9a\x9a\
\xabS[\xbe]\xda\xf2\xeb\xd0\x94\xf2\xb4\x99\xd1\x00'\
\xa3\xb9!?;\x5c\x13d\xc2B4]\x0d\x03\xb3\x13\
\x8fz\xf2\x1be\xb3\xd5\xfe\x80\x03\x0e E\xa3\xd9\xef\
\xe6\xae\x8ccM\xe1\xc1\x1f\x1f\x1f?\xbeb\x05\x0bR\
\xae+\xbe\x9f\x9b{\xba\xf5\xe5\xbf\xcbbx2\x15\xbd\
\xed\xd8\xa9qj\xfa~c:\x91\x9d\x1d\xabP**\
\xb2\x1f\x1d\x1d\xfd\xd0\xd0\xd0\xd2\xab\xabu:-\x06\xa8\
\x9c\x5c\xddw\xe9\xd2%u\xc7\x8e\x1d\xff\xe4\xc9\x93\x8f\
\xeb\xe9\xf1}\xfbl\xc6\xc7\xb5\xe5\xd8\xea\xc9-TM\
\x80:pj\x9a\xba\x16'\xa8\xbfO00\xf4\xe2\xe2\
\x87GKc\xd1&*%UV\x0a\x04\x08\x10R\xaa\
\xa9\xf3\x8f}\x89x/\xb3a\xa9Z\xad\xf6\xa0\xa0\xa0\
_\xbe\xc0\xa5\xa2\xd0\xde\xdepqnv\x10+KF\
q\x12fb\x88\xac\xdd\x8c\xc5rQ\xb9\xc28\x8cJ\
M\xa9\xc9\x05\x10@\x808:\xbd\xf6~\xb7Y\x86\xbe\
\xc1\xcd\x8d\x8d\xb1\xd9\xec\x1d\xf1\xbd=\x03\xffy>\xb7\
\x85\xb8\xa9\xfd\xdb\xfb\xd2\x14m\x0c\x05\xe6\x8dM\xd3M\
_k\xbb4\xdfu\xc6\xf8k\xb8Kx\xd5\x95\xda\x14\
\xcbl\xe0\xfc\xd6\x01GDL|y\x96V\x1b\x1c\x8d\
f{\xb8\x01\x03\x7fkllmkm N||\
\xbc\xaa\xba\xdd1h\xd4\x16\x840\xf4c\xa8\xa2\xa2\x85\
01\xf6z-r\xd4\xceN/A\x02\x05\xafV\xeb\
\xe1\xa6&\xe4\xd7\xda.=\x8d\x8c\xde]L|\x88\xce\
\xd0\xdc~\x84\x22@0\xf8\xa4\x90\x90.L\xa5\xae\xde\
>\x8d\xed\xc7\x8f\xa9Y\x94be\x91\xcd\xb3d\xc9\xf2\
\xa2\x07\x0e\x04\xfe\xfa\xad\x12\xce\xfd\xf6o7!\x9eE\
\xe5\xb5-\x18\x18\x1225\xe5\x17{\xdb\xf1h\xa0n\
orR\xa4\x90\x1e\x22&\x9a\x92 Q\xe2\xe3\xf1\xf8\
\x7fI\xab\xdf\xec8\xcco\xc3\x09\x81\xe2\x13D\xe63\
#4&z\x95E\xf6\xa8\xa8\xa8\x9f@\x02\x09\x84F\
U\x99\xa5\xe70_\xbd\x96{\xa3\xec\xc4\xd1\x99\xd2v\
\xb5\x17\xa6\x07\xd4IL\xc2\x1c\x0b\x1d\x22n\xe1\x02\x86\
\x0f\xed\xeb\xfb\xfb\xaf7\x8c?\xd7\xa1?M\x87\x99*\
\xc6\x86QBf&\xa7\xf7\x8e\xa5\xe8\xca/\xeed\xa5\
6\xdd\xdc\xdc|SL\xcc\xccx\x14\x16\x1b\xda]f\
\x9a\xdd\x9f\xeb0\xb5$Q\xfdEy\xbd5\xdd\xdb{\
\xb7\xf2\x13%'\xeaTUF\xea\xc3\x87\x8f/\xcd\xa1\
C\x07\xfc\xc9\x0a\xed\x0c\x0f\xed.\xf3\xcf\xea.+k\
t\xa2\xfa\x13\xd2&\xb3\x1d\x9c\xcd-.u\xc8\x90!\
/\xe7\xe4\xe4\x84\xbf\xd7\xdcH\x9f\xba\xf8\x9e,/\xf3\
\xcb\xde\xac@fhTX\x056\x18<\xee:bx\
\x9c\xa0\xec(\xa9\x0b\xe8\x89\x8a\xe3B\xd4EH\xaa\x84\
f\xe1\xa1\xde\x8c_%'\xe3\xb7\xf6\x82p\xe9Q\xa2\
*y\x1d\x08m\x9a\x0a\xfb\xd4\xea:\xfb\x92e>\x13\
}\xb2\x0aC]\xfa\x0a|/\xbd\xca\xbd1\xbd\xcc'\
\xcb\xcb,R\xe3\x83\xd5\xf5\x99R_\xbd1\x81\xdd\x99\
\x9f\x0e`\x1b#\xc8\xb0N\xd2\x8d\x98\x1e) 4@\
[\x997Fb\x01\xe0 \xa1}6\xa9\x17\xc1\xfa\xc2\
\xf84_lO\x13tI,\x82V\xb7+\x03&S\
\xf5\xde\x93\xd8\x14\x85i)\x879H\x82cD\xf6\xb9\
t\xa6\xf8e\x00\xacO\xf3\xbf\xf6.k\xc4\xec8\xe9\
(yu,\x16O\x02\xd8\x86\x08\xc5\x17\xc7\xe8E\x98\
\xe7)\x87\x0c\xd0\xd5$M\x91\xd7f\xcd\xd1\x98\x92\x1b\
\xa5\xb4(9Ml+=Uv]\x86\xc0\x0aI\x8f\
\xd0\x16\xde\xca@\x90\x02\xc6PnGZ0\xcd\xe0w\
\x06H\x94I\xdd\xe1\xcd\x7f\x9a\xdf\xf5^~\x9aQ\xc6\
K\xedm\xe2\x93\x9b&u\x01:RlX|\xbc\xfe\
@\x89\xce\x11\x1e\x89M\xc47\xd5\xf5\xed\xf8\xaa\xc1L\
\xab\xbeH-A\xe6@\x03|\xae\xf0\xb2\x0e`\x1a\x89\
!Wm{\xef?\xc2;M\x9f\xe5g\xc9u@\xf3\
\xcd\x7f\x9a\xa6M\xec\x0f\xe7-LM_\xc3\xdc\x1cM\
6\xb1Y:s\xf1\x09#\xfc\xa4\xba\x15/E\x98\xa9\
Y\x8a\xa4\x06b\x89\x0d\x92\x99\x09\xb0N\xd2P\xef[\
?0\x8dP\x5cIMD*\x94]\x0c\xc5\xafM\xd1\
P\xdf\x86\x0f\xf0\xc1\xca\xd3\x0a\xdc\x02\xfc\x13\xa2\x22\xac\
\xa3\xd4\x81z\xefw\xe01\xd3\xa5L\x91\x17\x14\x1b\xa7\
\xf5\x172\x99\x82O\xb2k\xf1Q\x85\x9aW\x0b4\x9f\
\xf8rT\xd9\xb1\x9a\xfb\x11\xf6\x89zk\xc19W\x1f\
\xa8\xa7\x12\xbc\x94\x92\xf3\xf4\xae\xe9\xbd\xd3\x80\xe1a\xfa\
\xaa\xc0K,\x04Y\x82C^KpH\xe4L\x90\x16\
\x040\xaf\xf2\x11\x0a\x0e\xccZx\xb0@\x93>\xb1|\
\xcfA\x07X\x03e\x12\xf7M\x8a\xf8\xfd\x8e\x1f\x87O\
\xa1q\x84\xa8\x96\x9c\x83\x221C[\x0f\xbc9F2\
\xdbm\xd8\xcaN\x95\x5c\x94\x9f\x0f\x17\xe0\x9d\xa4%\xed\
W\xa6\xcbOX\x82\xaf\x22\xb4\x1a\x1c\xf2W\x08\x86<\
\x16\x82!\x9d6Gf=\xfbF\xf2\xdc4\xe7\x9b\x88\
\x85\xe9\xbf0\xc7l\xab\xe0\xc5)BU\xc2\x83<\x80\
'\xab\xc0N\xef\x9dR\x1c\x84E\x95\xa0\xea\xad\x08\x87\
D\xc1yr[;\x14J/\x5c\x8c\xac\xf9\x84\xbc\x08\
\xeb7\xbd\xf7)2\xe5/\xf9Q]\x8a<\xee\xcc\x18\
\xf2;^\x92R0\xf5T\x85D\xb0\xf4t\xf9\xe1\xf4\
\x98\xaf\xa2\x96\xd1\xe3\x91\x8d6\xa0\xd6n\xa3\x81X\xb9\
\x9cq\xe6\x83\x08\xa8\xd8\xc5\x19\x82R\xf3\xb4~&\x04\
\x92M\x85\x97\x9ca \xaap\xef\xfdH\x8c\x91W\xd4\
\x82\x97R@\xa4\x0b\x99lAP'\xfa)m(\x88\
\x0a\xd4\xeff\x9f7Hy\xb7\xcf\xa3M\xde\xa5U2\
\xd9<\xac\xbe\xac&\xc5E\x5c\x9e7Xq\x7ft\x00\
\x87\xfc\xc8\x8f\x06'\x0c\x10\x95P\xef[\x1f\xde\x9d$\
9\xd2\x9f\x8d'\xc3\x87b@\x04\x14\x08\x9d\x88\xd4\x8d\
\xae\xb8\xbf\x0f\xef\x02\xfa\x0b\xd0l\xbf\x96%u\x8f\x96\
\xc1\x87\xbc\x88\x0f\x12\x0a\x0d\x14{CW\xa7l\xc6r\
c\x8e\x80\x87\xae\xe6G\x81;\x9e\xc9A\xd3;5 \
\x12\xffaWx\xb2\xa9r\xa5\x88\xbb\x00\x1f\x1e\xfa\xb7\
\x18q\xa3zn\xb2\x1d@T\x06\x17@\x8c\x13\x1a\x0e\
0\x90\x94\xdf\x96\x06(\xa7\xf7\x1e\xa3\xdb\xb3\xb4E\xe7\
,\xc1\x10%\x08K\x0f6\x9f\xc9\x01\x11/c4\xc3\
\xa1\xfe\xa9\xc4\xfd\x06\x0c \xe2\x06}1b\x9dV\x7f\
d\x0bv\x15\xcc\xf6\x17\xa0\xab\x81J\x80\x1b\xd3\x0b\x04\
\xf5E\x0b\x22\xff(\xe9\xf0\x95 l\x22p\xf3\xb57\
\xa3v7\x87\xf6\xcct3\x91t\xb3\xb55c\xd2\x1e\
\xbb\x11\x8f\x84\xb8Ie\x86\xea}\x95\xf2v\xa3\x7f\x06\
#[\xcf\x0e\xad\xf8 \xadf;\x09\xf2%\xba\x22J\
\xd4\xfc\x22\x09F\x116\xbf\x9c\xb8\xf9G\x89\x9b\x9c\xe1\
%2u!\xe0\x14u\xbcI\x1b\x8a\xd8\xca\xfdBp\
\x9e;\x11\x98^\xa3,\x13\xdcqR\x92/R\x17\x05\
\xa2\x09E\x8a$l\xbe\x91\x84\xcd\x1c\xde!\xab\x19V\
4\xdd\xdf\xb6\x86\xae\x84\xc1\xde\xe1\xe8c\x05\xfb\xd3\xe9\
sd\x96\xcds\xfc\x06\x0e\x00.7\xefCC\xadN\
\xa1\xf6F\xe8\xc9\x09n\x08U\x18\x22\xa2`\xf8C\x91\
\x8b\xfd\xca.P\x13\x19\xf6\xee\xd0\x5c\x8e\xb8\xe7R\x9a\
\xb8?\xafn\xc5\x875\xdc\xd4\x89\xfby\x00\x1f\xe19\
z%\x0e\xb5;P\xbd\xf78\x8e\x9c\x85 \x00\x8a\xbc\
P\x85\x22^n\xd6\x86F}\xbb-\x7f\x95v\xa2\x82\
4\x5c[\x0a\x0e\xebwc[{\x9f\x9f\xc4\x05u\x84\
\x05Y\x17\x5c|\x0f\x00\x99\x92\xdb\xa0\xa7\xcf\x9a\xb6D\
\xb2\x85\x22\xff\xf3@\x8aE\x90|\x9b\xc4\xd2~\x8a\x86\
D5\x12\x1eh\x0b\x10\xd4\x09\x0e\xb8=\xba\xb0\x12\x16\
\xb3\x0b\xea\x5c\xf1\x18v+F\xb5\xd9\x13\xd1\x83\x81\xd3\
\x87|\xa1\xc8\x8f!\xfc\xe8\x90\x1d\x1f\xc1\xfd\xe9\xa97\
\x11\x18x\xaf\xdf\xc9\xa4\xfbe\x94(qa\x1d\xf8\x05\
T\x90(\x91\x1d#\xf5\x10\xd9\x9e#\x1e\x0d\xe3\xef\xc9\
\xc0iE\x1cfw\xc3v`\xef\x84\x06\xb5\xe9\x13\xf7\
\x1f\xe1\xd1\xfe\x07\x84\xe9W\xf2\xa3\xcd\xc5\xce\x10\xee\xa6\
\xf7\x9e\xa4\xfb$\xb6\xb3\x81\xf3y4p\xfe\x0e\x85\xca\
\x18\xda\x9f\xa6N\xf6U\xd40\x1c\xaa\xd9\xd4\xd0Cl\
\x08\xf6)\x00\xec1w\x97\xf5\x00\xcbcd:S\xc8\
\x02\xa7C\xce\xebp\xe0\xf4\xfc~\xc5\x91\x9f\x0a\xfb\x81\
\x17$n6\x03\xc1\x0a\x0d\xd4A\x9d4\xc2\xaa\xb24\
cOo\xd9\x9d\xcdb\xe7\xcd\xe3x\xe0D\xa5a\x00\
\x03C\xaf\xfe\xf7+r\xe8\x87\x0fpJ\xc0\xfb\x03\xf0\
\xd1~!3\xda/\xe5\xb2-\x09\xc9\xfe\x12\x00\xdc\x0d\
\x14k+TY\x9a\x1c([\xab\xb4\xa7\xf9\xc0I\x03\
\xa2\xe6C\xe7\xdbx\xd8\xdc\xcc\x96\xab\xae&\x12H\xe2\
\xa6\xc1\xb8\x1eaAm7\x87\xee\xd7\xde{\x05lO\
\x19\x81n\xda\xc0\xcb\x84(2\x13\xe2i@tV\xe1\
~\xbd\x95;\x0c\xcd\xd5\x1f\x16\xfa\xe5\xa5\xbf\xd4\x09\xe0\
\x1e\xbaI\x10\xf7\xf3\xe1M\xbd]o\xc8G\xb2M\xe6\
S\x98\x06\x90#b^FDg\x02\xdf\xbb\x0aw\xd7\
\x9d\xa1\x9eY%\xd3\xfdqnk\xcc\x19\xec\xf6\xf7\x15\
H\xe5 AMw\x00\x11\xb7\x90S\x02\xda\x12\xac=\
D\x9c\xd9\xa7/\xb8\x17\x10D\xd8\x08\x89\x17\x8f\xe8\x8c\
\x83\x11\x98\xc8\x80%\x97\xbb\xd5WY\x93\x838\xff\x0f\
\x16Ep\xb4\x9f\xbdN\xd2CG\x0a6\xfa\xd5\xe9\xf3\
3bP\xcf\xafp\xed\xc1\xfdWq\x07\x98\x11\xe6\xc3\
%\x8c\xc0\xbd\x08H\x98\xb8\x92\x93z\x86G\x85\xf2~\
\x06\x81\xe7\xcf\xa4\xc1\x8eb\xd9~\x08\x09\xd4\x04PV\
\xc2h\xbf\x1c\x1a\x9d\x81R\xc3\xd7\xc4\x83\x19\x8d$\xd0\
\xdd\xb3`\xc1\xeas\xd4\xb5\xcf\xe4}I\xea\xe4\x1d\xc7\
\x98A\xfd\xf2(\xa9Q\xde\x1f\x02\x00\xf5\xbb\xad-\x08\
L\xbf\xe9\x93\xf7\xff\xe8T\xf0\xe0\xc6N\xef\x09#\xff\
e\xec\xc4\xa2}\x03\x0eZ{\x8a\xbaxS\x00\xf7\x1b\
\x0a\xa6\x7f\xbd>\xffZ}~\xc2N\x1dm\x227\xda\
?\x98n\xb3\xcf\xef`0\xfdq&\xef\x1f\x92$\xf0\
oT\x10\xe16\x1e\xf9.\x0a#s\xee\x06 J\xac\
O\xe6\xadn\xa3\xd3\xc3\x1f\xe5-\xc7\xfa\xe5\xdc\xd4\xde\
\xe8O\xf0\x97\xfe\x18$\xd6Y C\xa8\x9f\xd0/\xfd\
o\xf7\x1c\x1c\xfa[\x80X\xff\x5c\xca\xfbqp\x1a\xfe\
\xcc#\x11m\x8a\xc6#\xbf=\xd1\xc9\x05\x1b\xa7\x00\xd2\
*\xb4\xf4%|*j\xa4V\x86\xb8_\xc2\xdc\xdb\x1b\
\xdb\xf9\x03\x0d\x01p\xa0\xfe\x09\x0c\xd2\xdf\x00A\xfa\x01\
\xf9\xd2\xff\xd6\x86\xa6\x8bK?\x05\xc3\xf4#\xb0\xe9\xfe\
\xd1(mO\x18d\x84\x11\x15Y\xc7#\xafM\xd1\x19\
\x8a=\x90\xe1\x92\xaa\x87\x87^\xca\x1b\xc6\x1c\x0b\xa7\xfb\
\x17)\xa8\xe9\xe0\xce\xe7\xf3\xa3\xd1\xe7\xaf\x8bC\x7f\xe1\
\x81\xf4\x83\xa8\xa0~-\x9d\xee\x97KQ{\x18\x9c\x10\
\xbeH\x06%\x92\xeb\xa3\x8a#\x8f\x05\x11\x04\x8bU\xed\
\x80d\x15i\xea\xac\xdb\xe4\xf4\xa2\x9f\xb2\xd6\xe1\x80\x0f\
]\xf2~\xcd\x1a\xecw\xec\xc0!\x82\xfa7$\xaa\xff\
qq\xfdDl\xb4_t\x89\xfbS\xaf$Q\x9bs\
\xc81\xf8E\x8d1\xbe\xba\xe2H\x95\xc5\x0a$oM\
\xb1\xf9\xd6\x0b5L\xab\x84\x1f<\xabg\xbb\xcc\xeaT\
\xd8\x06\xebO\x99\xdc\xad\xff\x88O\x1f\xa5\xfd\xf7R\xdc\
$~\x8a\x9a\x11$\x9d=~\xca{\xc4Oq\xfb=\
\x95\xb7\xd3Wy\x87gf:Z\x0f\x87\x1ft\xb2\x91\
\x8a>\xa4\x84\xa33aYv'- \xbdJ\xacG\
\xbf\x22\xe3\xd1\xb1\xcaj\xf4$*\x12\xfd\x07\xa9\xaf\xe7\
\x90\xaf\xc0\x88]\xbd\xf7r\xafR8\xd0\xb1?\xe5^\
M\xd4\xf6\x8e\xdd\x8b\x89\xe9\xd5@\xb9\xdec~~z\
\xdf\xa3\xeaU.\x22\xe2\x86\xde\x89^89\xf5\xde\xf3\
z\xff*\xf7\x9f\xae\xae\xae\xed\xd5\xde\x033\x19*i\
@\xd0X\x98\x8cW\xbf1^\xfdR\x06{\x9dN\xaf\
e]\xa9n\xbd\xa3/\xd3!3\xc4\x07Nx\x16\xe9\
\xca\xdbq\x9eJ\xdb):.\xee>xO\x03j\x17\
\xed\x17@\xb5\xfb\x1d\xa1\x88F\xb1A\x9d\x86\xe2\xadK\
<\x1b%&\x19B\x90\xf1\xb3\xaa\xed\x8e{\xdb}\xb6\
qb\xad\xee\xbdO\xa9r\xc1\xa2\x0fN\x80\x22^\xed\
\x86\xc5\x8e\x08\x99\xc1~uz\xc5\x87\xbc~\xbdV\x11\
\xb5\xe2\x90\xdf\xdb\xb7\x01C$\xdc*s\xd3\xd7\xb3\xd9\
\xeef\xc4\xb0\xf6\xf1X\xb7\xc1A\x13\x89\xbe\xf5nE\
\xafGU\xef\x15\x14\x11\xe6!R\xecZ ?V\xe8\
\xd9\xb9\xd9\xa4<R\x98E\xab27\xa8\xdbs\xde\x7f\
+\xe4 \x81\x09\xbf\x061\x91\x1a0\xa4\x82\x03\xd0#\
\xc5\x120\x0f\xe3A\x08\xbc\x85u\x8d~<:\xb4_\
\x0f\x14`0\x07J\xb8\xb5\xc7(E\xd7z\xab\x95R\
.\xd3\xe9\x1eE\x18tz'\xd8\xc0\xa9\xde\xbc\x94u\
\x15\xf5\xbb-\x00\x13\x01\xf8\x1e\xc7q\x88\xf7\x047\x01\
c\xbc\xca\xfd\xea\xf5%\xc6\x0ck.O\xe6\xfe\x08r\
\xd2D'j\xd6\x0d\x18\x1a\xd6\xb9D\xd1\x04\xc4\xbd\xd6\
\x8c\x1d\xdd\x0e\x93\xf0kR\x95\x12\x9f\xde\xf5Q\xdcp\
*B\xda\xef6\xfa\x00\x22m/\x04\xc8}U\x8c\x1e\
Z?\x0d\xf1\xaaW\xec\xa1o\xbf\xd9^\xf5U\xdaX\
\x1a\x0c\xa2\x09\xfd\x0chb\xf7R2|hSl\xb7\
\x1d$\xe3\xd6(\xb0\x03\xb4\xbaO\x10\x17nkh7\
\xe5\x11\xc2\xdfa\x91\xa9=Q$\x15\xbb\x168\xca\xa1\
\xdb\xb9_\x85.\xc4\xbc\x83\x04\xf5\x86\xce\xc6\xce\x0a\xf0\
\xea\xccMe\xef\x82\x8b:X\x95\xf3\xda\xfa\xc9\x92\xbd\
\xd7\xb2\x91C\xc5\x89\xcd\xc7\xeeQ\x10\xad\xde\xf0,\xe9\
^0\x18\x85\xb8\x8a\x0ek5\xfaC\xa1\xbc=b\xe5\
\xe2\x83Y\x14\xb9>.J\xa2^\xd7z\x9b\xdd\x0bc\
\xd6w\xde\x0a\x9b)\x89\xb9\xb7\xf7\x97\x82\xc8T\xfc\x9c\
\x17\x98H\x1a7\xff\x8a\xa0C\xbc:\x156\xda\xb3[\
\xc7\xce\xfd&\x8d?\x0a[QK\x0a\x0e\xea\xb7[\xad\
\xde\xbbK\x7f\x04\x05\xe9&w\xbf\x80R\xc4\xdf\xbc\xc8\
\xb4\x86\x98|\xeb\xdf\x85x\xf5\xca\x8c\xb4k\xb9\x01\xf4\
/\xcc\x9f\xcc\x9a\xc5g\x02H\xd2\xa6,J\x84\xa1\xa2\
\x0b\xd7^\xdb\x17\xe1\xab\x89\x8f_e\xbc\xb4\xaa0\xf2\
V\x0d9\xbe:\xe8\xe1\xabm\x81\xf0j\xd6Yh\xaf\
\xd1\x19\xedX\xed\xe5\x81\x1d\xb1\xa7\x12\x19\xfa\x9f\x10\xbe\
^\xca[\x06M\xcbg\x81\x8e\xfe\x0dG\xe9\xe00i\
\xc7fG;\xd7\x0b\xdao\xc6_:QSh\xa7\x02\
+\xed`m\xd2~\x16\xf7\xfdL\xf7\xdf\xd3w\xa5\xfd\
L\xae\xb4w\xa9C{\x96\xd9gO\x9a\xfa\xec;?\
\xf1\xee\x0d\xcb\xbb\xd5\xca\xa5w\xbfD:X\x0c\xa2o\
\xbbyP\xd7\xee\x85\x07Y\x02C\x04;\xf3Wy\xf7\
\xbc\x146\xa6\xb2\xb8\xbf\xc4\x06\x0a\xf8\xf0\xd0T<\xd9\
\xf2vn\x16o\xaf=\xf5=\xff\x13\xf1S\xdf\xdc?\
\xbfjy\xb5\xdc\x92\xc5\x5c\xcf\x8ehY\xfd\xf4\xec\xa5\
\x81=\xb5\xf7\xf9\x15\xf1-\xbfw\xf1\xe7\xf7n\xee\xfd\
\xb0\xf7\xff\x8e\x04\xd6\xce\x10\xf6\x88\x95B$\xd9\x80\xb5\
x\xd2I\xd3\x80\xd2A#\x96k\xb8\xc2[\x1b\xc6\xf2\
\xcdWg\x16P\x1d\x9c\xcd\xa9\xc3\x07n\xf9xB3\
\xe5'0O.\xe9\x0a\xd2\xebAb\xae\x0f\x8d$\x9e\
\xb3-g\xa6\x09\x93[\xd2\x94\x10g\xac\x14xd\x98\
<\xcd\x9a\x10\xe7tW+\xc0\xc4\x5c\x1c\x1aB9\xe6\
T:\xaf\x19\x06\xc4\x82<\xe8\x99y\xb24\x1a\x97\xfd\
]\xd9\x8f\x12e\x9e\xb25\x9b\x19%\x19N\xaa\xea\xd2\
\x22\xf1\xd0.\x99\x82\xd6\xb4\xdb\x18@=_\xa4\xeb\xb0\
\xc7K\xba\xf3\xe4'\x98V\x01,zx\x82]\x1c8\
\x88\xe0\xe5\x81\x03\xc4-{\x05\x02C\xc1\xb2\xf2\xfe.\
m\xf2\xe7\xccz\x5c\x22\x01\xad\xe1hd\x8c^\xf8\xf4\
x\xfd\x19X\x07\xd403\x04\xcbT\xf6X\x0b/q\
owr\x04\x10@\xa0\x8b\xda[n\xbeV\x06\xc3\xad\
\xcc\x86\x170\xaa\x08\x9aOe:\x13Bc0\xaap\
\x17\xa8\xbfmf\x90>\xaf\xaa\xdc\xe0?~\xfc\xf8\x0c\
\x0c$\xb4|c[\x03\xe9B7\x97\xf7\xa9\xa9\xa9^\
\xe4\xe4\x0aH\x8a\x9aq\x81\xb8T\x22Z\xa3\xcb\xa1I\
\xf2ad\xa4v\x05\x0f/0\xb4\xac\xcc\xce\xcb\xd7\x97\
\xdc\xbc\xb4\xb4\xf4\xcb\x97\x02\x05\x08\xe1\x8e\x8e+\xbe\x84\
\xc1\xb9O\xd9e..\x8f\x86\xdeW33\xe5\xbe\x84\
\x09\xaa\xafKZmG\xca\x83G\x8f/;\xa7h\xbb\
\xecbh\xf8ih\x98\xf8\xef\xb7$\x1aZ\x8a\xb8\x0c\
\x194\x10 X\xa0\xc5K\xcb\x82\xe2\xce\x0e\x16\x14\xa6\
\xa9\xbf?[\xcb\x01\xe7\xfa\xaa;\xbfw\x84::>\
\xce\xd5\x09vQ\xb0\x00\xd1\x83\x87\x0f\x96\xa8j\xb4\x8d\
\x1a\xe4\x9e\xafm\xb7$b\x92{t\x99\xdb\x06\xa8\xa3\
\xa3\xe3\x86\x0d\x8b\x8f\xe6\xa6!\x17C\xd3\x10\x07\x02$\
\x92\x04\x09\x12\xbfn\x93l\xabE\xfa \xff\x8cm\xbb\
\x04\x9b\x1e\xab/\x93\x93\xec2\x81\x82bh\x97AB\
\x07q\x1f>~\xbc\x96\x07\x0f\x12\xd5l\x91\x90c\xb2\
\x97\x11!\xa78.lnz[\xcek\xba9R\xb1\
5\xe4\xe0M\xceT\x17\x8c\xc1I\xfa/\xbbH\xbdT\
\xad5\x88\xff\x14!\x82D\xaa\xb9\xfd\x88\xc0\x94\x17\x05\
)q\x8dQ\x87\x0b\xdf\x18\xfdV\x1d\x8fO\xad\xb3\xc1\
O\x1a5j<h\x0bH\x17\xa0Xf\x86x>\xc8\
\xe5t\xaf\xcav\xc3\xf2\xa9\xb6\xc7\xd2+5\x06.u\
\x05\x0e\x84\xb2`\xd1b>\xc0\x00\x03<\x13&L\xe0\
.\x5c\xbc\xe0\xd2\x06\x97W\x8a\xb5\xf6@6\xaa\xe5~\
|\x8bm\x96\xfa\x22Ny\xecQ\x87Imc\xec\xb4\
\x16\xc4g\x8an\x13\xe8\x8a\xcfI\x90\xd6\x9f\x01E^\
\x09\x12XJ\xb3\x90j57\xe3j\xaeF\xea\x92Y\
\xa2\xfcH\x0c\xc2_\xc9\xcd\x98$3\xa9I\xb9\xe8\xca\
\x90_\xcb\xef\xf2\x14\xeb\x0eG\x92!\xad\x03q*\xb7\
\x15\xa0P\xe8E\x1e\x9b\xde;\x18W\xccsw\x18\xe3\
\x03\xa5a\xa6\xc8\xab\xc4M\x92\x19\xa4\x8eS;\x07\xcf\
\x14\x5ce\xcf\x15\x9e\x11\xf2V\x1f\x01?\xe6\x03\x07\x0c\
\x85-\xf8\x82\xa4\xce \x97\xba\x9bq \xf3\xb4\xaa\x8e\
F\x03\x19\xb2U\xe2\x8c\xcf\x14\xaa\xd5\x1d\x8e\xcc\x107\
C^,b\x82\xb2\xe0>`\x82\xdf\x94G\xa3\xb4I\
N\xc5\xe6\xd8\xaa\xee1\xc6\x87*\x94\xc9\xad\xf1J\x19\
\x8d\x82\xd37\xe6\xe7r\xe7iM\x8b\xd2\x87jn\x0f\
\xcc\xa3$B\xe6h\xacGN\xd5[\x13\x9e.?Q\
\xa3\xb5\xc5\x87\x0a\x94\x94:\x10I\xe5G,\x01\xe4\xcd\
\x12\xda\x18d\xcd\x91\xd8W\x09b\xea\xb0Q:\xb7\xc1\
7\xe5R'\xba\x17X\x81C\x0a\xc8\xf6\xad\x07\x82P\
0\x1a=\x94U)\xc2\x83\x0d7\xa0\x88Z*\xe8\x92\
\xb5\xf8\x13\xb7\xb7\x92\xa4\xc0o^\x12\x8en\x18\x91@\
S-\xb7F\x08\xd3\xe3\x04\xa6\xe9\x1d\xe6\x09\xf9+\x10\
\xae4\xe7\xa8\x86\xd99\xca\xdc\xa9\x82\x1bUb\x13A\
$\xa5C~\xd8\xb8Am\xa4\xd4I[M@\x90?\
\xf0\xb8\xe9\x94i\x8f\x86\x8d\x1b\xa95\x0bP}:\xd8\
\xc08E\x1e\xe6iw\x1b\xfdmji6\x96N\x1f\
\xed\xa7\xbf\xbb\xab\xb6\xefN\x993\xe7*\xee\x9b\x12P\
\xa2*\xf9\xe5H\x8c)\xdajA\xb3t\xc6`\xf0\x12\
\xc1\x97gi\x93\xf2\xc5\x19uK\x925M5^\x9c\
\x92\x1d\xb0?\xd4\xb2\x1f\x0d.Al\x1a<\x84\x89\xb4\
\x12\xc1AU\x9fEv\x8dC \x80\xc7\xe0g\xf2.\
\xa2\xe6\xb6\xf0@\xfd\x5c\x96\xc8\xfd\xd8\x84\x19\xa6B\x05\
\x1c\x9d\xe8\x90\x01B\xca8\xa1\xadigv|\xc8<\
\xa1O\xcb\x806\x0c5\x1f\x80\xc9/\xd8\xde:\x1c\xd9\
\x14\x0c\xb5\x84\x0a\xc0\xc6RR\xda9{}\xa0\xae\x8c\
\xdd\x13\x1e\xa9P2\xcf;N2\xeb\x827\x87\xde\xe2\
v!\x02=\xc4F\x9bF\x0bN.\xe4\xf7\xc2\x8b\x1b\
\x83@\x91\xd2\xa8\xb9w9t\xa7nq\xd4\xe7\x0f2\
\x80\x1a2?.\xe3<\x13Xv\xdc\x89\xe1\x9ed\x88\
\x803G\x9b\x86\x89E\xb2\x07\x8a \x84\xca\x8d\x1ab\
[\xf7\x87\x09\x05\x0cT\x9a\x10'\x0dX^\x03\x1c\x8d\
l5\x5c\x1b\xfa\x0b\xc8t\x7f*\xf1\x1c`\x92\xcd\x05\
'OD\xda\xd6\xa7IB#\x0c\xd4Y\x0a(\x955\
L\xac\xe1X\x8c\xb4\x7f\xac\x98\xc9\xe8]\xfa\x9a\xc05\
\xb22\xe5!\x8c\x91\xd6\xee\x18}\xa8\xa0v\xe7H\xb1\
\x9e\x9bBQs\x22^\x0b\xc2tG/\xd5y3\x1c\
vW\xf5\xf1\x19\x10\xd7\x03\x88\x12\xf0va\xab\xb4\xf5\
}\x12V\x0f\xa6\xe6$\xfa@\xb0-\xa2b\x5c\x12\xd9\
n\xbcC,T\x93V\xd9Tk\xd4.\x99\xdf&\x03\
\xe6\xdfx\x18\x02\xeez\xbb\x06\xae\xdbl4\x0f8\x93\
v\x04\xadQU<\xa6\xc1\x8b\x0f[\xc4|\x8bf\xec\
\xb8<GG\xb1\xec\xe9337\xb4Tg\xa6\xe2\x08\
7Nc\x22\xe0\x88\xa0M\xda\xeaAB\xac\x01\x97\x00\
i'\xa0\xd45vD\x22\xfb\xe4e\x80\xb7.\x91S\
\xdc\xe1\xd2E\x16\x0a\xac\xa7\xa2A\x99$zh\xf3\xe2\
\xf5\xe3\xc0\x09\xb3\x98)\x99\xbdJ\xdbv\x0bN&+\
\xc0\x18\xc1~\x22H\x02\x1f\x8c\xa2S\xfe\xe50\x99\x03\
;5v\xfd\x7f\xdb\xb0\x8c\xc1v\x11B\x8d9\xa3\xc9\
\x12\xbe\xdfy\xcc\xfc\xdc2h\x1cq}\xea\xba\xf6\xed\
G1k\x81\xc0\x00\x0b\x10\xeb\x1c\x8d\xeb6\xfb\x88\x92\
\xbf\x07\x82\xac\x1c\x81)@V\xbd\xd7\xbe\x12=\xf5\xba\
\x9f\xe2\x06}!b\xbd\xe6\xa6\xd0 -BQ\xfd]\
\x92\x08\xc1\xf0\xdeG\xce\xc7jKdJ\xb9\xc6)\xc0\
`u\xda\xf2\xce\xbc\x01o\xc4\x9f\xa2\xe6%\x15\xca\xfb\
\x8d\xech\xaf\xd5\xefa\x82\xfa'_\xb0\x1f\xb4\xc9\xda\
7\x12\x91\xf0F2\x82XW\x9c\xd0\xfc\xb4\x12.b\
V\xcfv\x89\xd6\xa5+\x98\xad\xa7\xe2\x96`C\x13\x0a\
\xa7\x8e\x9f\xf2\xfe\xf0R\xdexDn\x889\xd0\xb1\x9a\
\x12\xd1\xb7\xce1z\x99\xdbdG\xdb\x09\xe9\xe8:\xcb\
\xea:\xefG\xb5\xbd\x07\xd9\xc3\xd4<\xf4*\xb1\xc1^\
~\x22w.\x97\xce\xe9\xffzH\xdeV\xff?\xb5\xd4\
\xecy\x88\xd8\xbf:\xdfn\xbb\xe7\xf6\xda=\xbf\xda-\
\xc5\x87W3\xb9\x8bs\xb61Wp\xb8\x97vqO\
E\xdc\xf6y\xf5\xda=\xab\x9d\xeej\xe9\xf9\xdb\xcf\xd2\
\x17\x93\xfb\xfc\xcd\xfd\xff\xb0[\xfe\xff\xe7\xffo{\xef\
\xa9\xffO\xee\x1d\xf1\xff;VOf\xcb\x93!\x07f\
\x88\x85\x0e\x98\xe8\x05\xceW(\xf1\x06<T\xad`\xf3\
\x1d\xa2\x14\xa2\xc1\x92\x12\xc5\xc3\x06E+\x1b\xfe\x9dT\
\x8a\x0f\xcc\xd2\xf1\x85\x5c\x93^\xc6\x88\x04\x85\xfaYx\
\x9b3I\x9e\x89\xd2\xe2Ed\xe0\xf7\xb2f\xfc\xa0\xd7\
\xe0\x13vQ\xce\xe1\xa0F\xbc\xc1Z\x9bn&\xb3\x1d\
o\x02\xd5T\x89\xa6\x9b&L\x0a~Q>\x02/\xca\
\xf7\xe3\xda\xd1\x01\x07L\xd4az\xef4r\xc4I\x09\
\x8c)5\x10\xa3\xfc\x03a\x94\x0f\xf8\x81`\x945z\
f\xa0:\x94\x00A8\x5co\xe7e\x83\xcco\xec\xef\
\x0f\x88Ub\x12\xe5t\xf5\xf6\x0c\x98\xec\xe9\x04\xb4\xf6\
{e\x93}e\x06\xc8*\xdf\x8f\xac\xb2IROZ\
\x7f\xcf\x80\x81\x0e\xa02\xca\xab|\xbd\xbd\xb3\xe73\xab\
\xc4rU\xd6\xc3\xe9\x1flb\xca\x99@;]\x08\x5c\
%\xfd\xe1\x9d\x0b\xe4Y\xbe\x1eZ\xe5i\xda\xca\x83\xda\
\xab\x8d\xe9\xda\xde\xbb\x0a\x1b\x99\xa3,SI{\xff\x86\
\xb6\xe3\xed\xd4vi<\xb4\xac\xc5Q\xaa\xa66<\xab\
\xca\x0c\xbeuuFj\xf5\xd4~\xf5\xd6\x88/p\xb6\
\xfc\x02i\x96\x8f\x87F9%\xe9g\xbd6\x03\xfe\x11\
rS\xd3$w\x97\xc1@\x0d\xc3B\x0c\xed2\x93\x91\
\x9a0q\xe2\x0d0\xc0\x80\xf7\xe2\xc5\xcb(\x08\x10 \
D\xcd[c\xf2\xb3,\x0b\x7f\x87\xb6\xe4b~Z@\
\x19#gf\x89\x0e\xe6\x9b3\xd3o\xd4\xc8 \xcd\xcf\
c\x8e\x01A\xe4>=Ts!!\xa1\xb7a\xc3\xc6\
[\xb1b%\xe6\xd9\xd8\x92SN\x7fs\x1a\x9a\x9a\x98\
\x18\x997O=x\xb9\xf3\x14bhNM\x13\xa8\x06\
\x9f-\x1f\xe6\xe5\xe1\x91\xca\xef\xf9\xd3\xd3S\x8a\x14)\
\xe6c\x9e\xa5\xb3\xaf\x12\xeb\xb1\x16\xec1\xc8\xd2#\xa1\
\xf6(\xf6\xca-\xea\xa255K\x95\xe0\x8f\x12%\xca\
#!!\xbd\x99\xcb\x82\x90T\x19\x99\x1b\xf9\xe2\xe2\xa2\
\xdc\xa6\xc6gn\x07\xaaS\xb9n4\x8b\xed\xba\xe0\xe9\
Q\xb4Z\xf0\x9b\xbb6\xbc\x96\xd6\x84\xf9\xd2\xd2Rg\
gg\xce%\x93\xd2]\x8e\x1c9\xfe\xef\xef\xef\xd7\xd6\
\xd6\x9e\x92\x92r~\x15U\xd8v\xeea\xaaT\xd4\x16\
\xc7^\xb7\x14\xb4=\x08\xfco6\xcb?J\x92Km\
\xb7\xddmmn\xcf\xd4\x84\xc7\xa6f\x19\xf3\x99\x99\x99\
\xe5r\xf9ut\x8a\xde\xa9i\xef\xb5\xae\x10\x1f\xaaI\
\xefyv\xca\xf3\xa2\x22\xa3 A\x82\xe0\xb8\xd9g2\
\xe2<9UT\xa6Bw\xc6ZNQ\x80\xf2\xad-\
.0\x18\xe6\xd7o\x1fNN{r\x1f\x1f\x9f\x87z\
\xe23kU\xf8\xe7\xe1\xe1y0\xf3\x86\xf7|\xab\x0a\
B\x9c\x03\x16\xdb\xe5v\x00\xe6HLvhj\x1a\x1f\
\x0e\x87\x19\x19\x19\xdf\xe7\x87J\x8e\x83\x03\xf47n\xdc\
\x08\x0a2\xffW\x17\x87\xb9\x8e\xce\x8e\x04\x09\x12\xbeg\
l\xe5F\xe3\x88\x8fw\xb2\xacd\xb3]\xa7\xde\x98\xcd\
~\xff\x89\x0a\x81|g\xec$\xaf\xab\xab\xfb\xfa\x02\xfb\
\xaa-D\xf6Z\x90\xb9\xd7\xeb}RR\xd2\xa0 \xa1\
'3k\x1c\x8f\x95\xbeG\x8f\x1eO\x84\x08\x11\x1d!\
s-+\x08\xf0.C\x1b\x85e\x98n\x8b\x94\xd7\xd8\
\x90\xd5m\x92bh*~\xdbfY>R\xfb\xed\x96\
{\xd9f6\x86\x22\xce\xdd\xcaX\xb0v\x0fX\xec\xf6\
\x95\xa2\xfa\xd0o\x93o\xb4\x14\xf7e&\xb9*-D\
y\xb7\x8c\xf4\xf6\x13&L\x90y\xf4\xda\x06[\x9d\x03\
N3s\x14\x99\xc5~\xbf\x83\xa6BGo\xf6\xd5\x82\
T&\xa6\xa69\x0e\x8e\xce\x9f\xadc\x90\x7f\xa2\x1e\x08\
\x08\xe8\xbf\xc6D\xa8\xa9Q\x92\xfe\xfc\x8c}\x86e\x84\
\xa2\xb2\x18\xa4\x1a\x19\x19=\x1f_\xdf\x1f-\xb5\x8d\xa1\
Y\xbc\x0c\x1c\x0e\xf7\xf1!\xff\x17\x19\x09R \xa0\xd2\
?\x83\xfb\x915\xe6A^SS\xf3Z\xb4h\x99\xc7\
\xc8\xcc\xfc\xd6\x98\x873\xf7\x8d\xaf\xb1\xf1\xf9\x15+V\
\xbc\x8d\x8d\xcd\x97\xa9_\xbc\x1d\x01w\xcc\x87\xeaB<\
s\xeb\xf1Z\xad\xf6\x8b\x14)\xf2334?T>\
\xfb\xaf\xb4\xc6?\xbbE\xfe\xd8\xfa\xc53Q\x19x\xb1\
\x98\xe6=x\xf0\xf0\xa6\xa6\xa6\xcf\xe5r\xdf.I\x7f\
\x82\xca\x88d\xd9b\x1a\xa2\x9fC\x80\x00a^.\x1f\
\x85\xe7\xe4\x1f\xa0\x7f{{{'N\x9c\xbc\x12%J\
\xe4336m7\xcb8\x8e\xce\x94c6\xeb}*\
2\x0d\xa968\xe4w\xe1\xc2\x85\x05\x0b\x16\xe48;\
Mk?\xe0_\x18\x9em?s\xbf7OF7\x09\
\x84\xe4Ne\xb3\xd9?WRRz',\x05el\
\x19\xf1\xac\x16<\xd6o`\xb5\xe0R\x9f#uX\x1b\
\x8eG\x82\x04\xc9<\x1c\x16\xff\x99\xee\x92\xab\x0c\xc4\xe7\
\x15\xbb\xbd9`\xaed^0\xd7\xf1y\x9aW\xa8P\
\xe1\xe7fgg\x1f\x94\xe4F\x9b\x12)\xbdIv\xae\
\xde{(\x17&\xa7\x8bm\xc6\xfc\xa7L\x99\xf2\x91\x91\
\x91s\xb1x\xe6\xcd\xea*\xe5(\xe101\xe4\xbck\
\x137\xac3\x14E\xf7[\xb6l\x99\xdf\xdc\xdc|S\
\x17\x84\xb3\xd7z\x05\xbc\xe7\xd3+\x1e\xcfw\x84\xb4\xe6\
XXXs''\xa7\xffA:g\xa6\x9d\x169\xd1\
\xe9\xc0j\xbf\xa0\x98\xa95:Dr+\xab\xab\xff\xfc\
\xfc\x9cKII\xc9u\xc8Qfs]\x9a\xaf\xcc\xb9\
N\x10\x16\x15*T>I\x92$s2\x99\xfc=F\
a\x98Rb\x8a\x05\x5c\xb3AQq\x0f\x03\x033\xcf\
\x90!\xc3\x9c\x90\x90p\x0e\x86\x09\x7f9\xeb\x00\x99\xa8\
\xccM\x12]\xffr\xc5v\xff\x8a\xce\xc6\x95\x1b\x8c9\
N\x8f\xd2\xcf\xcc\xcc\xc8\x07\x07\x07_SS\xf3OO\
O\x8d\x181\x22\xef\xeb3\xf0`\x18\x98\xdf\x11\xcaz\
.\xba\x1dV\xe7\x10Wz\x92\xecV\xfcE^\x85_\
\x15\xf7\xa2\xaam\xc5\xeb\x14}\xc9ilt~\xbb\xdd\
\xce\xc3bq\xea\xd0\x10\x11*UUU\xaa\x95\x95U\
\xaa\xd5\xd5\xd5|hh\xe8\xbb\xdd\xae|\xa6\x06\xe7y\
\xcad\xaf5\x87C4\x06G\xc9\xae\x0b\xa0\xe5\x9a\xfd\
\x96\xc2\xb1\xdb0(W<\xfe\x22\xdea\x0a\xad\x19\xea\
:\x1d7\xbd\xf5J|\x95\x1c\x8c\xdf\xd2\x93|*\xb6\
\xc7/\x83\x19>P\x10\x15\xde\x17m\x05\xbeS\xda\xc3\
\x9b\xf5&3\xa7\xd0 \xacT9`\xb3\xdf\x1aZ/\
\x8d\xe6\x13p6\x1e\xda\x95\xf1\x11\x8d\xe1y\x1a\xbd\x19\
\xfaB\xe5qR{\xa0\xab\xbd7\x02c\xf0Ji&\
\x9e\x8b\x8f\x92/\xb4+\x1e\x8b\xf5nO\x94\x19\x02\x0d\
0\xb2\x5c\xb0\x90l7\x06J\x96\x1b\x1e\xfd)\xb8\x16\
s$/\x06\x95\x1d\xf1t\x0c\xd5\x96e\xa7\xe3\x91\xc6\
\x0e_\xa9l\xc2o\x15\x00\x02\xf6\x95GIz\xc5r\
w\x86\xd2\xe8\x0a\xe7Fe\x88\xa6>Rq\x94\xdd\xb9\
\xd2\x19\x00\xa3:Ff\x85<L`m~(z \
\xc9v\xc5\x9e\x9fVl7\xb5Z\xb5\x9aZ\xaf\xda/\
\xde\x99\x9f/\xe2\xf1\x13\xdc\xa6\x08\xec\x94\x07\x8a\xed\x91\
\xd2\x18\xe4C^\x84S\x9c\xb8\xff\xa4\xc6\x08\xb5\x06!\
%\xbb\x85\xd9I\x0a\x93\x03D<\x91\xe5\x8a\x7f\x08`\
\x05U\xd4\x8b\xb7&\xe8S\xdc\x035Zc\x04\x96\x9a\
\xe3\xe4\xfe'*{\xf0e\xf5\x85WZ\x1b\xf1Ns\
-\x9e\xaa\x0f\xc8h\xcd\x90\x19\xf2\xfa\xee\xfd\x1a\xdf\x82\
o^\xabo\xd2\xfc\xd7e\x00st|\xc2\x8a\xbcW\
\xab\xa5_\xbc5B\x9fb\xb2\x14\x1cUg\xca\xed\xc9\
]\x7f/T\xd6\xe0\x8d\xd6\x18^\xe9\xcd\xc4\xd4\x9f\xa4\
\x81\xc9/*;|,,\x03\x93\xf08\x1b\xa6p\x9b\
\xa1\xae\x02\xa1\xbf\xf4\xd4\xa7\xe3\xa7\x061\x99\xd8\x18G\
o\x8e\xca\xb0\x98\x8e\xa5\xde\x9e\xdeT\x88\xf2\xecL\xdd\
\xd98\x22;\x94\xc4rA\xc5BX\xf31\x17\xdfG\
N\xed\xf1\x90\x93\xb7\xfcB\xb7\xe1\x1c\x03\x16\xe0|\x13\
\x9c\xe3iO\x15\x1d\x8e\xab\x96B\xbc\x86\x08l\xeb*\
\xaf\x07\xe9\x95m1\x09\xa9h\x16L\x13:\xef\xe92\
\xf0Fm \x1e\x0aP\xb2\x0aA\xe6\x97\xd7\x19De\
\x80\xacF]\xc8q\xad\x04\x85\xbc\xd5\x81Jx\xd6;\
\x03N\xe0\x9d\xe2T\x84j\xc16JFoJ`j\
Be\x8a\xcc\xf3\x9e\xaf\xbf7z\x12\x9cl\xc2\x8bq\
\xbaC\x05\x17\xc7r\xc3K\xb0[\x18<K\xd4qV\
\x9eQZ\xb1\xcaU\xeb\x1d\x84\x87\xce\x04e\xb9Y\x91\
\xe2H,)\x15\x95){}\x0fX\xe0\x97\xdfH<\
\x94 \xe5S-\x18\xf2%\x15H\xf9Ag\x10@\xbf\
8\xe5\xad\x87#\xee;\xe1\xc5\x80\x87\xc7N\x08\xac\xe1\
\x8f\xca\xbb!\xaf\xd0\xadX%\xba\x13OB\xb5\xe2\x1c\
\xd2\xaa1\xb2G\xf0 \xefM<&P\xf0O8\x0d\
\xfc\x17(l\x9f\x00\x139I\xc9\x06\xefX\xe3\xc2\x1f\
\x9e@\xf1k\x0a>\x90\xe2\x1aGk\x98\xce\xa4\x95\xeb\
l<\xcc\xd3\xc4T\xd7\x02\xd4\x8a\x0da\xba#\xd5V\
\x84\x16!\x12\xcb\x15w\x9aw\xb2\xbe\xc3\xf1\x05\x15\xca\
\x00s\x1f$2\xc1\x5c\xd0A\x9e\xa8\x8e\x8f\x0f\x16\x07\
;\x04\xcc\x85\xd0 \xc4g\x8c\xbc\x1e\xfc\x8cJ\x01N\
Z1\xc9=z^\xb90nAPQ\xe7R\xdc]\
*\xfeO\x07~0\xe1\xc1\x08\xb5b{\xc8\xc9a\x83\
R\x06~\x8cZ\xaf\xd9^\xf3\x04\xb4\x1db\x81\x14\xb1\
6\xc0P\xe6\x0bp\xeb#\xacY\xef(\x8dRYh\
\xf8GJ\xaeo\xf5\xdeA\xb72=`\x98\x7f\x82\x16\
\xfd\x09\x86j\xebu\x1e\x97\x227\x11?\xd4\xb6\xb0\x89\
\xed\x8aS\xab\xd6kh\x16\x5cS\xeelW\x16\xd5\x9f\
\x01\xa8\xed\x02\xd81\xd6\xd1\xb8\x5c\xb7\xdf\xf9\x91\xdd#\
*\x8f\x99\xcf\xc6u\xcb\xd3{\x1f\xbdj\xbfR\x0a\xbe\
xm\x84\xb2v\x9c\xd5ju\xbaI\x0fG3y\xc2\
\xe0Q\x10\x22\xb8\x11\x7f\x84\xc7\x02\x1e(\x1acd^\
\xf0\x05\xa6\xe7\xe9\xaco\xe1!\xcfR$m\xe0\x82\x82\
\x17\xa3\xa8:^|\xdf\xb4@\xc8'\xf5\xd1\x88c\xbd\
2m;\x9f_\xc6{\x0c\x8d)\xe2r\xeb\x0aR\xdf\
\x84\x7f\xa4M\xd8(FL\x90\x02\x82\x02\x81\x80(\x16\
L\xf3J\x84\x91Cq#\xe2|Vk6f\x89U\
\xfb=\xcd\xe9\xda\x83\xcf$\x91\xdd\x81\x08b\x9a\xe1\x01\
\xd5\xa7v\xa6\x07\x14F\xc8j\xae\x03\xd6\xf7Dx)\
\x98\x16\x5c\xa2\xe6x\xed}\x15`\xd5zKm\xa6\xd4\
\x86\xc0i\x94\xcc\xf0N\x8c\xb0\xf0\x97\xc7tHD\xa9\
\x81\xe6\xf7\xac#\xc0\xb1\xdf\x99\x1f\xd7-X\xad\xf7\xab\
h*\xcfY\x828\x0d\x13Z\x1eZ\x85\x0e\xc5/\xf2\
\x9b\x81z\xc3u\x17\xbfr\xc3I\xac[\xb0\x99F\xc6\
\xf5\x87\xf0\x1c\xe13Kex\xbd\xd0\xcd^\xa7\x1f\xb0\
0\x81\xf4@\xf3\x89\xfef\xfc\xd8M\xc1tf\xca\x1d\
\x9a\x0d\xdf|1\xa1t\xc0j\xb5\x82Z\xb3\xdcR\x1a\
*\xb5GbP\x09*6\xe2j\xeb\xe9\x8f\xe2\x96c\
8L\xa7\xdd\xa4fbB\xa8U+v\x0b\xe5\xb5+\
V\x10U\xed\xbdk\xb1f\xbb\xa2/\xb4\xb7b\xe9\x13\
m\x03\x05\x97T(n\x9e!1\xbe\xe0O\x96\xfbp\
\xf8\xa5\x8bSd\x0ebe\xbc\xa6\x18\x8a\x85\xa9)*\
\x80\xa8\xc0\x0d\xee\x05\x92:\x85\xd9r\x98F\x17\xe0\xf9\
=v\x22\x8c\x0a\x7f\xc4\xabX\xed\x0c\xc6\xf5\xa0O\xf9\
\xe7\x8e\xb1\x895\xd4\xc6\x09.\xdd\xc7\xb9\xcd\x19\xe0\x10\
\x04\xcb\x172\x04b\xa4\xa3n0\xe3]\xe7\xe5\xc9\x82\
2\x84\x22d\xceo\xd0\x09B\xb34<X\xd1*v\
Kj\xddz\xe7;q\x1b\x8aH\xc5Sk\x04M\xde\
\xa7'\xf0\x05<;\xc3cy\xe5\x82\xb9\xb0\xe2?4\
a\x93\xc2\xa7\xd6\xe6G+\xd0\xce\xfd\x03\xea\x1d\x9a\xe2\
\xe1C\x11\xb7n\xbf\x06\xfc\xd8\xefqH\x08\x82\xa5i\
\xf5\x9a\xf5\xf6\xc4\x1c\xee\xf6\x0e\x15\x92*2T\xc9c\
\xbe\xect\xf4J\xc0\xcbj\xd4\x0a\x84*\xe8\xc0e\xe0\
\xbcz\xc3\x9dS\x01\xe0\x96\x00|\x94}\xcd\xfb\xc1\x98\
A\x8e\xb8\x95\x1b\x06\xec\xbd\x97\xc2X\xb1\x01\x18\x85\x89\
:\x0f\xca!\x10\xa6\xbb\xb4\xbf\xa7/\x84\x0f\x05Lx\
\x16\x07\x88\x0d\x89\xab\xc2\xa6\xb8(\xeb\xc8\x0e6\x1a\x0d\
\x83\xc4\x1a\x0c\x00\x12\xa6\xe1\xaf9\x1fi[\xa1(\x0b\
?<\x07\x1e\xaf\xe8\xd5\xa8\x82\x99b1G\xb0Eh\
5\xcb\xcd\xe9m\xbd\xf7\xd0n\x92\x19U\xecU\x07\xc2\
\xba\xedr\xb0\x00!\xad\xd96\x91a\x9d\xc3\x02\x86\x22\
\xa2\xd9\x9d\xa2;\xbfo\x95\xda\xc7\xa7\x82f\xdc\xda\x0d\
#\xa9@\xa7\x90\xac03\xa7\x08\xc5\x0ai\xe5\x82_\
\xa6\xbd\xa0\xe6m\x02\xe7\xb5\x0bs\xa3\x89\x9b\x06\x10\x16\
2,\x11\x7fG\xc3\xa6\xe8U\x06\xa7J\xb5\x0b\xf37\
\x82\x8f\xe3\x0c\xa1Y\x9e2\xbb\xff\xd04|\x99\xbb\x0c\
L\xbaP\xef}\xf4w.\x0c\xe1\xd1\x803\x08\x89\xcd\
\xb3+u\xf2\xa6\x03\xd3Ah\xd6\x07I\xcd\xf4\xcb\xd5\
\x06\xe7\x22i)\xb0b\xb51\x02\xf9r\xa4`\xb3\xd0\
\x11\x98\xe5\xfaY\xcdv\xdf\xc6pF\xcd\x01\x14\x5c\xaa\
\xdb.\xd7\x84\x83A\xb5Z\x9d\x96\x96\x96>\xfdp\xc1\
+C\xcfv\xe3['\xb0\x1c\xd1\xec\xb8L\x87\x18\xa3\
\x84\x96C\x04M\xd7\xf8\xdbL\xf8\x81\x13c\x87AJ\
\x95\xeb}\xbf\xddktB\x5cp{\xefL\xaa\xdb\xaf\
\x1cf\x8d\xc1\xcd\x8d\x05K\xb85L#\xd6\x8f\xdes\
m\xed\xcdD\xb2\xed\xae\x8ej\x99\xcc\x9c6\xa4\x5c\xab\
s\x0b+\xf7\xfb\xa9\xc2\xc3\x1aK\x15\x8e\x1d\x1b=\xcd\
\x06\xcc\x9a\x0f\xafE\xc6\xb9\xc7\xe3\x14!nG\x19\x1f\
\x18(7t\x03C|V\x8a$d\x11$\x80\x1fF\
\xc1\xb9\x853\xfcn\xbd\xfe\x8a+\xd4GY\x1b}\xf2\
\xe5I\xdc'\xb1\x08R\x82\xf3\xb3_l\x88U\xb7R\
'\xa9i5f|A`\xfe\xd5\xc9,w\x18\xe4C\
\xd7\x8b\xc1\xa7\xfc]\xb8\xbe\xb2\x8bG\xdb1S\x82\x97\
\x0b#\xf3N\x84\x8cDv\x16>Lc\xe7s\x19\x8b\
|\x16\xcd\xee\xc7\xccKY\xbb\xd9\x9bI\x02\xdfF\x05\
\x11oW1\xc7[\x83\x94\x00\xabQ\x8c\x04p\xe0q\
\x1e\x87h\x01=|\xf5\x80\xad(:,4\xb9 ,\
\x1f\xcb\xb5\xeea\xc3$\x04\x00\x94G\x12<\xcd#\x11\
\xc0\xc5\xd2\xc2*\x115\xb7\xbb\xadN\xf7\xe8\x5c\xf01\
*\x8ap\xb7\x1f*\xff\x9a\x95F\xe4HF\x16\xce\xc8\
\x16 0\x15\xbf\xab\xc2\x88#\x0a=q\xcd\xc7\x11\x5c\
\xff\xfb\xfc\xddfC\x9d\xb2\xf6\x82\x91\x8c\xd9\x06\x8e_\
\x05J\x9a\x0cr\x87\xb2\xd7W\xbel\xdc\xd0z\x90\xfc\
+\x97\xfa{\xb5\xfaY\xec\xacJ>\x95\xac\xbd1\x93\
 x\x9f\x17\x97$2\x1f\xdb\x05c\x08\xcf\xb9\x8fF\
\x18\x87\xfc\xf5\xfd\xf7\x1d\x1c\x13\x83\xc8\xd3m\xcd\xc9\x92\
\xbd\xaf\xa2\xb1C;g\xf8\x9bb\x0c&C|wE\
\xa7\x0a\xc7\x11k\x80\xffI\xce?e\x8d3\xc2\x82I\
$\x09^iFd\x96C\x8f\xb7\x9a\xc5}\xef~\x05\
pW\xf3\x10\xf8w\x1b\xcdd\x00\xbe\x1f\xcbQ\xc31\
\x81\x88\xb7J\x81}\xbfb\x83\x94U\xbd\x7f\xe5\xcc\xa6\
v\x80\x13\xbb\xf7\x0br\xe2\xb9,:=\x00y\xab\xda\
\xdfWo\xc6\xa7\x90P]\x9e\x0a\x02N\xea^0H\
\x89\xff\xb6\xe0DRB\xc8_\xf3\x12\xbf\xaaTU\xc5\
0\x07\x90\xca\x92%}?\x07D\xc5s[tZW\
\x88\xa0\xfc\xafBumi\x98Y\xff\xdf\xe7\x1d\xa9p\
mku\x06D)l\x0f\xa3\xc8\x83\x07\xd3a\xe3H\
\x03\x13_U\x17\xf8*Q\xd3w\xab\xb5\x12/\xc6\xe7\
\xc1\x91N\xbc'\x0c\x02\xe2s``V\xad\x8e\x9do\
\xc5p\xe3\xab\x81\x1a\xbe\xba\xce\xfb\xea\xd2\xd5w-\xd7\
\xf4\x87N\x85%Fp\x84=\x84?\xa47\x0a\xc2j\
\xbf\x07!}\xc72\xfb\xee\xe6\xfb\xfe\xa7\xd8\xa8\x89B\
\xf3\xad\x13 \xd3w_\xa5\x0a\xfb\xce#\xf4\x1d\x9b\x9d\
+\xe1\x90\x06\xf3\x9e^>\x8b\xcf\x94\xccs\x93^\xe3\
\x0038\xdf\x8d\x9e\xbeS\x81}\x17S\xfb\xde\xd6\xfb\
^\xc7\xe0\xbb\xa0\x86\xef\x87\x8d\xdf3\xd8\xf8*\x87\x0f\
>\x1c\x8b4\x12\xf9j\x89E\x1f_\xdd\xa0\xe3\xab\x14\
\x5c|UB\x8b\xaf2 \xf1\xd5>\x0a_}\x1b\xfc\
\xac\xb3\xefHS\xdfy\x82\xbe{a\xe4T|(\xb6\
o\x98\xc8Q\x03\xb8\xaa\x03\x80F\xe9\x12\x19\x12\xda\x9e\
\xbc\xdf\xcf\x12\xe76\xa1\x05\xa6\xe7\xe9\x97Ny*\x8f\
MOe\x0d\x88\xeb\xfd\x17\xa1\xc4\x0d\xcd(\x07\x9c\xfe\
h\x02V\xa6 \xe9\x94t\xc1\xa10.,\x89\x06\xe8\
=\xdfQ\xe80k\xb9w\xf1v^Z\xbdV\x11\xab\
\xd7Ol\xef]se\xe5B\x1aqR$\x92\xdcM\
\xa5H\x1b#B0\xae\x1ab_\xaaa\x95`\xa0\x8e\
\xc2Pa\xeb\xc90\xcb\x9a\x19\x8d8\x9d\xda\x06\x92\x13\
\x22z(1\x11BG\x12\xb5\xb1\x10s]N\x0dl\
\x86r\xb6\xb0\x9c\x9c\xfa\x0ap\xf0\xe0\x82\x93\xc8\xc8L\
RQQQ\x01^\xbc\x90\x8c\xa2#\x87d\xe8;\xed\
F\x071.\x0e2K>`HSz\xa8in;\
\xe4,E\xa7L\xa1\x92\xc0\x14\xc1\xc2\x16[23\x87\
l\x9a\xa1\xad\xd09:\x82+\x82\xf5~d\xe2\xd8\x82\
\xc7\x0b\xe0\xd8\xa2\x87\xdd\x8c\xad\xb3\x11sIe\x138\
8\xa9\x95P\xf1\xb4\xd68\xc0T\x1c\x0b)t\x85+\
\xa4\xd4\x15\xb6x/>KSs\x81\xc8\x07\xe3\xc3\xfc\
\xb0\xd4\xb0\x02\x95[HT\x7fc\xad\xbb\x1dAh\x10\
\xa2(\xc5\xa9\xf0\xe2\x84'CN\x05H\xb9\x04\xaa\xce\
\xc5\x8b\xa4\xf7\xe2\x95\xa9\xbc\x1d6\x8e\xce\x16B\xf4a\
q\xf4\xc0\x96\x9b\xd0\xb0N\xd5\xd2\xb8\xd8\xe6k41\
'#\xf6Y\x92\xa2T\x00R\x86\x8f\x18\xa1\x0e\xa5\xb9\
\xc7>\xa3S\xc7\x9c\xc3\x04u\x12D\x10\x85-\xc8o\
E$Cx*(\x8d\xf2Z\xa0.\x89t\x9b\xd2h\
\x224A\xe4\x070\xc6\x17!\x07\x93-~\xf6T<\
r\xf2iX\xe0\xedQQHt\x08c\xf0\xdd\xc0)\
N\x80 \x02R\x8f,\xac\xa6\xc0\xb4\x06\xc3\xa5\x13\x1b\
\x087\xc2\xbd\x0a\x0b\xd5\x89{>\xc2\x02\x01\x94l\xd3\
\x0f=\x0d>|\x865L\x86\x8a7T\x86}\xdd\x1c\
x\xa0\xa0~'A\xb2t\xba\x17+\xac\xff]\x83\x05\
\x01\x5cE\x1dd\xdb:\x08j^\x8e\xa8=\x19-\x81\
Am:\x02\x03;\x01\x11\x8dwV\xacP\xa0\x10 \
\xc8\x95\xc2\x8b\x05\xd8\x04\x1fbz\x97\xfa\xa7\x5c\x9d\x1f\
\x92{\xea\x8b\xbb\xe5\xcfSK\xb7\x9fb2\x19\xb1Z\
\xbd\xfeX\xf6\xee\x14\xe3Y:\x17w\xc4'\xbf!\xdd\
te\xe8\x02\xca\x83,+J\x00\xa4}$\xc1@U\
\x0f\x9b\x8cX\xec\x93\xc1\x0ahn\x0a\xbb\xc9\xc2\x03v\
E\xce ++X+\x8d\xcb\x98\x9c\xa1\x00(\x92\xd6\
\x84\xd8\xfd\xca\xe4\xb4O6\xf3\x0a,\xe9\xa9\x0d\xda\x0e\
x\x14\xa4\xce\xf4\x9aJ\x8c\xb3\x8d\xcd\xf8\xbb\xb9\xb2\x1d\
\xa2h[\x86\xa2i[\x0f\xbe\xae\xac\x87\x9c\x8el\x87\
_\xd1\x98\xec\x04\xd3\x11\x9c\x1c=\x16\xc2R\xcb\xdb;\
\xb1K\x8f\x1e>\xb0\xd4\xa0\x81#\x8b[\x9b\xd9\x0d\x22\
`S\x89\x8cXL\x80rE>dk2\xf9\xcb\x00\
?\x03\x0f\xb6p\xe0\xf0\xc1\x8d\xcb\x9b-\xc1tn\x8a\
\x05\x0b\x16/j\xeb\x0ap\xea O\xc0\xae,$&\
\x15\xb5y{\xdf\xe9$\x9e\xa4\x02=7l(\x81\xc0\
\x1d^\x04\x04\x1a\x1bY|\x02\x98\x98\x9a\xa7hf\x8b\
\xa3\xeat\x85\xb8\x01\x8c\x96H\xb8\xae\x22x\x91\xc9d\
$\x9a\xaa\x02K\xd3\xd4\x1eQ\xd3\xd4f\x9c\xd7z\x88\
bbb\x96`T\xe1V\x99@\x8e\x1c<@##\
%\xdf\xcdF\xf9jY\xc8\xc8R\xb0\x09\x09\xa1\xed\xf5\
\x18\xa1\x1f\x8d\xae\xf2<g\x89\xe5\xc6\x8d\x1c\xa9\x078\
\x80\xc0\x01\x8b\xe2\x05\x11[p\xe0\xd0\xf1Y\x96~\xc1\
&T\x84\xb6\xd4\xe5\xe0\xcb<\x19<\xc0\xf0\x9e\x85\x86\
\x17\xfe\xeci6\x1bq\xa4\xa3c\xd57\x9cz\xc1\xb9\
\xc0\xe2\xf8\x08\xf9YZ@\xc2H\x15\x83\x93\xa1C\x09\
k0\xd0\xc7\xa9-\x0b\xe9|\xcbn\x87'\xde\x01\x09\
P\x16G4VY\x0cq\xc2\x0a\xde\x9f\x84\xb9W]\
\x8eS\xb0\xb9\x1e\xed1\x11\x99\x15\xca+\x1ez\x8b}\
\xa2\xf8r\x94\xd0\x14q\x8c\xc8\xae8\xa91\x22\xe0\xb4\
\x06q\xaa\x85\xe7\xe3\x06\x92\x97a\x01\x1c\xa7\xb5\x06\xb2\
\xf9\x0f\xc5\x8c!\xb2\x06\x91Dh\x11\x8a\x18\xa5+<\
9Zo\xc8\x92\xe4\xf6@\xfa$\xb7\xe2\xb1\x043K\
\xa5\xeel\xc0\xa7\xeen\xf0\x08\xe2\x12\xdc\xd0\x03\xe5\xf6\
%J\x0d\x05\x0d\x0c\x0cOZ\x8d\xd2\xd9\x85\xb1\xd9\xc0\
\x0d 4D'D\xed\x0c\xa6Ly3\xa6\x04/\x09\
(\xb33,\xfal\xf1M\x85{\x9c4\xf0X\xd1\xfd\
\x15\x82\xccy\x15`e\xe1\xcd\x11\xd9\x94\xa4\xb6\x07\xc0\
L:\x9b\xb2\x18\x00U.\xcfP\x06\x90l\x97\xcew\
8\xae\xe5<\x1e\xdb\xf2\xc8\x18mU~\xd8\xa0\xc3P\
!B:;>2\xa4\xae\xc0\x84\xa8\x8d\x01CN\x15\
\x5c\x82\xc3\xb1\x95\x1d)]\x9cb^\x17#@\xda\xdc\
\x12\x10\xcd\x92\xc09M\x92=c\x84W\x8c\xe2\x18#\
|\xe8\xf9\x12\x04B\xca$\xc3\xa1\xfa\xf5\xec\xd2\xf3K\
\x1a\xee'z\x89\x0bD\x8d\xfab\xcc\x95\x16T\x12\xe9\
YK\xe8\x10&\xe2*\x80\xa8\xae\xb1\xc4\xb8,\x01\x8b\
\xd3'j_\x94\xac\xcf\xa9#\xdc\x0e\xcc\x9da\x86\xac\
\x18o\xccw\xa6F\x84=\x16w\xc6\x02G\x9b\xb8\xdb\
\xd6\x88\x94}\x93\xc0L\x85\x16\xf8@\xac\xe1\xb2c\xf1\
b\x04\xdb\xc5\x9ca\x9e\x92\x9d\xb9\x0ex^'2\xcc\
\x1c\xb5\xc4!D\xcc5\xb0R\x97\x5c\x88\x8cv\x8c\x12\
\x85j&\x8f/\x0aP\xc91`\x02\x09|bF\xad\
 J\x8e\xdd\xa2\x16N\x83G\x1f\xe17\xcb\x8dC\x86\
\xed\xd0D\xcc9\xf0\xab\xb0u\xb1\xa1#O+\xb4\x1d\
\x8a\xdaR\x93`\xc5\x06N/7\x850\xa2\xbcKZ\
\xa7<T\xb0]\x88`3\x1e\x99l\xcf\x0c\x05\xf9\xb2\
1\xf8\x9a\x0d\xdf\xb1\xba\x1a}x\xe9\x8f\x84l+>\
\xa8q\x82\xcd\xa6\xadBC\xf2\xcd\xb3 \x04\x0c\x07\xc1\
\xdbwv\xe68R\xb0\x17\x04BQb\xb9\x86\xd9\xbd\
\x9b\x80\x0a\xe6P9\xc0\xf7o1\x88[4\xa5A\xae\
\x011\xbd&m\xf2~\x17!\xd6\x8f7\x97\xfe!>\
\xdc\x1e\xa9\xc5\xa4\xb7\xb3\x9bG\xa1h[\xd6j<m\
\xe4\xa0\xa6\x84\xa1\xe9\x03\xee\xafd\xf0(\xddn\xf8\xe1\
\x98]\x1b\x10w\x99\xa0\x1e\xf7T\xde[\xee\xe6\xce\xbf\
g\x87\x16\xec\x83A\x82\xfd/4\x1d\xfc\xf8\x85\x90P\
\xac\x22\x8d\x1cW\xba\x07dX\xaa\xb2\xc7\xd3(\xef'\
N&\xdd^(c\xb0\xad(\x91\x82\xc9\xa6|1\xc3\
\xad\xc7\x15\x22a\xe5\x91\xea\xdf\x85 U\x03\x8a\x8f\xd6\
\x02\x88\x88V\xb4]\xb9\xff,u\x95\xe7d\xf3a\xf5\
\x0f\xc5\x8f\xf8\xff\xa9\xa5\x88\xf3\xd4OOK\xc4\x9f\xa7\
^\xcd\xd5\xcf\xaa\xb5\x8aE\xbcrc,\xe7\xdbk\xf5\
\x0f\x11\xc9=\x86\x8bE\xfc\xc9y\xb1%\xe2\xf6JF\
\xec\x9f\x96\xa5\xe2>\xf7\xfc,}\xcf\xd4\xc3O3y\
+\xbe\xa6V\xc5\x0e<}\xb4U\xf3\x9c\x8cxXM\
\xbd\xbe\xd8\xfc\xf9[\xcb?|\x99\xadL\xd7_\x0b\xee\
\xf5+@7\x0bse{\xfd\xc2\xe7\xd5^\xddrK\
\xb3\xd6-\xea\x10+]\x0d/\xa6X\xab\xf6\x8b\x0d8\
\x88\x94)\xe7\xec\xc7\x88\x04\xdf\xad\xa9\xc3\xdfU\x8d\xc2\
\xc9W\xb0\x15\x04T\xbc\xcd\x81\xb2\x0e\xd0\x15%\xaa\xc9\
\xfa\xb1\xa2\xc1\xc7\xa3ZaN\x10JD\xa3e6\xc9\
\xc5\x82I\xb3W\xeehR\xce\xd8\xb7\x99.\xbc\xa0Y\
\xb2\x8b\xf0\x13\x98)\xe5X\xe4\xb9\x8e\xf5\x86\xd2|\x7f\
\xe6ce\xc2?\xc0\xe5\x03\x81\xd79\xe90\xd2\x9b\x0d\
\xcbe\x11\xd5\x11#\xfd\x1b\x8a\xc3\xd7\x1c\xd5\x09+\xdb\
(\x01\xb4\xd8\xaf\xa8\x0d\xcc\xd0\xbb\xa5<\xfcu\xfd8\
\xb5V\xafXp\xa3\xf6\xea\x8do\xb1\xdfy\x18R\xe1\
$`\xe8W;S\x84\x80\xf6\xda%5\xda\x11{\xbd\
\xaf\x1d\x9f=2O\xe9\xea\xbc\xcc\x09\xf1\xaf\xf2\xf4\x89\
\xec^\xd0\xbb\xb5\x9b\x03n\x13&z\xb9\xae\x18`H\
\x852\xb6X\x9c\xd1!\x1d\xaf\xcf#\x8b4\xe0\xa6\x02\
\xe1dk\x1aE$G\xd9w\xf7\x95\x83\xf4'{\xed\
\xca\xb5\x94\x10\x8cj\xb1^\x1d n\xea\x16\xd3\xe0\x17\
\x1bq\xd1\xd75\x0b\xc2\x8e\xad6\xfc%\xd5*\xc9\xc0\
hy|\xd6wc\xd5v\x01\x15\x83{N\x95\x84\xde\
o\x86j\xf0\xe8\xad\x11N\x0d\x84l\xb1\xe0k\x96P\
\xb4\xd4\x88\x9c\xf6k\xaf\x14\xe993\x1e.\x9e\x0d\x0c\
\xf2\xe3\xc8p\xdc\x9dE\xc2uh\x982\xb3X/\xcd\
\x00\xf0\x9c\x9a\xa7g\x87\xad(\xbb\xc2\xf0@<Z;\
s\x1d\x1d\x1d9\x8eM\xcf\x13\xf5\x84}\xbb\xcb\xf1\x9c\
FY\xba$\xa4\x96\xe5\xa9\xe9\xda=}B\xba\xb3\xac\
Z\xfa\x93\xd3\xcc\xe0\xcc\x0d\x0d\x0d_\x88\x10!\xa9z\
z{\xf2\x1b\xb3+\x0d\x7f\x87\x9e\x83I%\xc29\xe4\
\x85\xc9,\xcd\xcdU\x11\xd2\xcc#\xe454<\xf3\xa6\
\xa6\xa6\xb9\x09\x13&\x9ef\x86F\xae\x83S\xfe\xb62\
\x1ao\xb0\x16/u\x84\x17\x1f\x1a\x8f}\xa9\x89)2\
\xbdZ\xb5\x9e\xda\xec\x17E\xf6\xeau\x87{M\xef\x9d\
\x0b\xf6\xda\x9doQ!^9\x09\xce\xe5\x08\x10 \x10\
\xb3\xaa\x80\x9e|\xb4\x99\xc4\xbcJ\xa9\x0f4\x87\xa6\xa9\
\xf4j\xcdrr\xb3a\xc0\x9cNi\x8ad\xc4\x865\
e8\x1f\xef\x1c\xcdgdl\xe6:9A\xaft\xc4\
\xf6n\xeb\xc8\xb9\x92\xd1\xda\xdc\xc6\xe6\xe6\x03\x08 \x00\
II\xc9\x98\xb7b\xfa\xb3K\xfb\xf1aU\x14\xe2A\
<`\xa4D\xb4Y\x18\xb8mw\xf7\xdeE\xc30\xe3\
ok\x07\x94\x95\xa8dp\xcd\x22\x91\x9c\xa3\x91\x0e)\
hdj\x08C\x00\x83\xf3\xc0\x08\x06\x04\x02\xe2q\x99\
D\x8e\xf6\xee\x03\x94g$\x8dAqa0\x100\x89\
\x03\x8030\x00\x0e\x84 ,\x06\x00\x80\x02\x00\x84\x18\
\x00b\x18\x06\xc5 \x93\x0eZ\x03'\x5c\x9c\xedw;\
\xf2\xc7\x19\x9c1+\x82\x7f][v\x14\xa9\x9b\x81Z\
7\x7fu\xdd\x7fUu\xad~F\x19c\x89\xa0\xb19\
\xfe\xd6\xd5\xfd\xfaN\xe9\xbcv\xb5W<\x03\xfa\xf3\x07\
#s\xfa\xb4}h9e&\x93\xdf\xdeB\xfe\x1f\xdc\
\xe6\x82\xc4\x90\x12n/`\xf6\x0d\xba\xdf\xa0\xd0K\x8e\
\xc3\x00\x8f\x1e)\xc6\xcb3\xa6hE]\xe6\xa9.p\
\xda\xc3\x0f\x9b\xc2\x05\xc5\xedm\xb4\xf5\x1e\xe4\x0fu|\
\x1aX\x80\xd6\xbd\xff\xb5\xc1~\x84\x80\xa7\xeb\xb0:\x9d\
x\xba\xb7\xfb\xd0G\xeb\xf7d\x9fo\xcdf3\xfc\x09\
\xfa\x13\xb3\xf7v\xe8\xa7o\xa8b\x12\x03(\xff\xb9\x12\
u\xd1\xae\xf6\xa0\x1fQ\x06\xbcb\x82\x9f\x8b\xf5\xcb4\
\xb0R>\xc2\xf4|\xd8\xe8WN\xb15G$\xf4\xfd\
\xfey\x93'\xd0\xb6\xf5\x19\xf6\xcd\xf6\x82\xae|\xffI\
\xfe>\x83\x80\x11`\x91\x15Oh\xe3\x1c\xe1R\xc8q\
d\xd6/\xccH\xec\xa7\xdf^\xca\xb9\x0a\xfc\x8c\xcf\x93\
\xa2\xbc\xf5\xdf\x8b!3\xb8\xaf\xe52\xed\xe7\xe7\x9e\x91\
Y\xd35\x8f\x0f\xdc\x7f\x9eR\x0c\xc5\xfc\x7f\x05\xdec\
\xe2\xbd\x04^\xfd\xeb_\xfb9\xbf\xbfw\xb9\xc7\x9f~\
[\xb4^\xdci\xbdp\x99\xc1\xae\x1c\xc3\xa3\xf3\xf9\x08\
1v\xdfs\x17\xe9=\x8euf\xa3\xa6^\x82\xec\xc3\
\x97\xc4\xaf\xc0\x8a>\xd7\x16=jx\x16~f\xeb\xab\
(\xcdp\xdc\x84\xef\xfb|;\xbfo\x8dg\xd1\xce\xe7\
g\x0eY\xe4\x96R\xcc\xd97\xbe\xef\x87\x8eiof\
Z\xe7\xdf\x85\xaa\xc9\xf5S\xfb\xf6\xe3\x96\xeeZ/t\
4\xd8\xbc\x86\xc5\xfb\xe8eK\x09\xd4\x02\xdam\xa5\x82\
\x8ewk\xc2w%\xe2\xfd\x9az\xd7\xb1\x9f\xf4\x18>\
\xc3c\x1eh\x1c\xa8\xfd\xdf\x13\xad\x11\x81\x1d9\xa7\xa6\
\x19\x86\x8b\x01\xb3?\xb4\x9f?4c,\x03n;\x00\
\x84\x18\x03\xf1\xb1\xfc\xe1\xc1\x19\x89\xe1\x1d\xd7\xed\xc4o\
\xda\xefh\xed\xa4\xce1\x90\xcf\xcf\xa1\xbf\xd1=e\x0b\
\x1bKt\x9c\x1bK/\x89^0\xf7\xc6kt\x8b\xae\
\xe3\xa3\x86\x18\xcc\x80\x0b\x5c\xf4\x13p\x82\x13oK\xaa\
\xef\x19\x8c~\xe8=Cw&\x82\xb1r\x06ow8\
\xcbt\xff\x04\xfb\xf5\xf2\xf7]z\x14\x17\x9a\x01\x8b=\
\x020\xc7YG\x9f\xde\x8d\xf2\xb5h\x06\xe4vYp\
\xcc\x1b\xc2\xd4)PP\xaep\x86\xf0z&\xef\xd3\x0e\
~3\x04\xf6\xe3\xc3\xf4\xa5g\xcf\xd4\x13\xd2\x8d-\x8d\
\xfe\x0b\xf5\x87\x1f\x16\xd2\xfd\x00\xdb\xc5\xbb\x80c\x83p\
\xe7\x01\xf4\x09\x1b\xf8\xcd\x0fo\x9a\x1d\x92\xdfYt\xb3\
O.\xe2\xfe\xa03\x5c\x99\x81[p5\xca\xcd\xc5m\
]\xbbn\x07\xe5:\xe8;\x8b\x07qj\xac\xa9\xdf\xf4\
sU\x0b\xa1p\x0d\xe2\xb4\x1c\xe3\xadE\xff\xbbA\x1b\
n9}\xdd\x97\xebeoE\x9b~y\x0d\x95\x17#\
\xcd\xffCt\x7f=\x14\xbd\x10W\x95\xd9'\xfd\xbe\xef\
aq\x19\x0d\x88\x7f\xc0\x19\x9d\xad!\xe8\xcct\xdb\xba\
\x96m\x12\xff\xf8\xf9g\xb3\xad\xb8\x9e\xa6\x8e\xc0w\xaf\
 H\xdd\x9e\xba9\x83S\xb5q\xf7hM\x1c??\
:\xac\x17<\x90\xaf\xb4_\xe8~av\x8c?\xa5\x03\
\xdey\x8az=\xfe\x107X\x7f\xd1\x0c\x1cvZC\
\xb3A\xc2I\xf3\xf2\x8f\x08\xc4\xdf\xb0\xe3\xfcl\x9f\xab\
\x87\xd8u{b\x105#\xfb\x99q\x0f\xf7\x0b\x96\xbb\
5/X\xf0\xe0\x85\xcf\xe2\x11}\xdd_\xff\xf4\x04Z\
B:BIx\x00\xa6\xfe\xf6\x83j\x14\xf9\xcb.\xca\
KF\xdeP\x12\x16\xdb\xf6\x0b\x8b\xef\x95\x1b\xea@\xac\
0\x1a/\x00]>u\xd2K_\xc4\x9d\xbd\x11\x18\x03\
\xfb\xcf\xe8\xd9\xbf\xcd\xdfH\x0f\x91\xda\x141\x8f\x9a\xed\
\xeb\xeen\x01\x83\xdbrr\x80\xc7\x1e\xfd\x08^\xcf\xf9\
\xf1\xd3\xed\xfet\xff\x19\x84@\xf3\x11\xe6\xfd\x1e\xa1\x0c\
\xfb\x80_\xbf4\xbf\xfd\x16OV\x7f\xa6n\x0f\xb6\xbc\
\xc0\xbf\x1d\xed\xc7\xc1\xc4\x81Xb\xfd\x05\x94\xd0\xc7\xce\
A\x9d\xed\x22\xda\xcd\x17\x92\xeeoB\x19\xf8\x03\xca\xff\
\x8d\x96\xe5\x1a\xe2\x98\xc5\xdfi\x01\xcf6\xfc\x0c?\xdd\
\xe3\xe6\xe2v\x97\xbfo\xaa]\xcf\x8fQ\xeb\xfa\x0b\xd5\
\x11u\x0d\xbe\x5co\xdbg\x9d\x90!\xf2'\xaa\xb7i\
L\xdf\xcc\x87}\x00\x9fl\x0f\xf6\x80\xf5| \x8f\xf3\
\x7f\x19\xb3\xe2\xa8\xfc\xffF\xa5\x8f\x17R\xc0\xe3\xbd\xec\
\xddF\xefo\x94n\x18{\x0a\xcc6\xabyGs\x13\
v0\x95\xb5\xe4V\xa2\xd7U\xc5\xd3\xc9\xc9\xd1&\xc1\
B\x05\xea\x0b\xa7\x94\x1f6\x7fF\xba7\x8ds\xbfn\
\xefP\xc9\x1d\xfd\xe5\x0a\x17\x98\xe0K_\xfa\x99\xb2\xbd\
\xc3L\x8f\xb6\xdc\x80\xa83\xa1\x9f\xf1\xb4\x8dk\x9f\xa4\
X\x00\xff\x85SrB\xfe\xe9\x1b\x92\xd9\x1f\xb7\xdb\xe2\
\xfb\xfdF\xb2\xe9\x07\xab\xdbc\x05\xada:\xf5`\x9e\
\xd7\xa7pU\x7f\xcbG?\xbfg\x87j\xc2%\x85\xf3\
5\x9e\x86\xe5\x07\xcb\x86\xe2\x0b\xd7g\xfe\xffA\x87g\
^\xb3\xbe\xdb4q1xB\x82\xda\xfe\xa9-v\x09\
\xa6wFv\xcb\x94n\xc2~\xd0Kc\xf2\xb8\xa5\xfe\
W\xdbaq\xbc\xb6\xd11\x0cu\xd5\xd2\xb6kf\xe0\
 Y\x97\x1d\x90\x0f\xd0\x22\xbe$\xff\xf9\xba|\x1d\xd5\
vT$Y\x8b5\x8dc\xd6\xe7(^\x11N<7\
Nh>\xf7\xdeo\xda\x1f\x14\xf3^=*\xc3\x02\xa7\
\xf5\x93@\xd7\xa19e\xdf]\xfc\xa4\xeek\xb5\xb9a\
\xe6\xae\xa1\x15\x12\xe8P\xcb\xf5\x1a\x82\xf7\x82>t\x00\
f\x05\xd4\x97\xceUO\x0f\xdfA\xa2`<\xf0L\x9f\
\xe5=\xe8=\xee\xefn\x11\xd5\xf3U\x12\xcd2Q3\
6\x88\xb2O\xc5\xcc\xbf\xf9\x1e$\xed\x9c\xbc\x93\x96\xbd\
1a\xdf\x16\x90y\xc0\xd2\xf9\xfb\x8a\x18\xb4\xf1\xff:\
\xa8'e\x16\xe3\xf1I\xab+\xf0\x97:\x10\xf8G\x08\
4\xee\x13\xee\x17\xa5\xbc8r\x8d\xbb\xbfP\x89:\xde\
w\xd1S\xf9\x1dK\xf74 \xf5v\xd7\xb3\xb2\x9f\xc0\
\xf5\x18\xfa\x18(;\xc8\xcd\xe3\xff8\x99\x9f\xd5\x0f\x97\
\xd9\xee(\xdd\x03f\x7f\xa8'\xe7j\xb7\x8c\x98\xc4\xcd\
g$ \xbd\x07(}\x9fowT\xb2&\xcd\xa99\
S\x0c\xd2\xb3\xc9\xa5\xbfH\x17w\x8f\xaf\xb5\xbbq\xe1\
kGj\xf1<\xaf\x9f\x8e\xc2r\xb9.\xd0\xb6_,\
\x82\x9f\xcf\xf7\x16\xc8\xe3C\xfa\x89e~\x94Pb\xdf\
,)\x118}B\x93\xec\x0d\xdcI\xc4\xa3\xc9k\x7f\
\xdd\xe7W`\x04^Tb\xbd\xa7\xaf\x1b5\x82\x9d+\
,\xd6l\x96|*WL\xdf\x8f\x09i\xf72|\xe9\
s\x0a\xc3\x8bG\x14G\x10\x88E\x9b\x1e\xee/\x0c\xa0\
f7c\xb4\x1e\xbd?@\xee\x00\xdb$\xa7k\x92\xa7\
\xa6\xeb\x10\xd6\xee5\xe3\xf2&\xee\xbe\x1d\xcf\xc3\x01\xa1\
%\x1b\xa3=\xfe\x9d\x0e\xff\x1e\x84\xab\x22\xcd:\x85\xed\
!\x11\x18\xd3,\x97#+\x84G\x80\x18\x96N\xf7}\
c\xc2|\x11Y\x02\x99=E|\x0a\xeb\xf7h/\x0e\
[%q>S\x0a\x15\xd6\x0f\x00(\x13\xe24\xfd\xca\
U=\x9e\xb8\xb4\x06\xe3\xdd\xb0b8\xd4\x9a\xb0\x9f\x04\
\xda\xd2\xd7_\xc6g\xb6\xf6K\x5c\xc5w\x1f\xf0\xca\xa6\
\xe2N\x15b\xb3\x09\xccW\xa6\xfag\xe9\xf7\x9b\x1b\x97\
\xe23\xa0w\xdcP=C\xee\xe6X\xd4\x1f\xce\x89[\
z\xe3\xac\xc6\xe3\x98\x9f}\x1c\xc63x\x9e\xa1\x05\xdd\
\x9fS\x8e\xc9\x12-*\xedHZ\x05[\xe5\xc1\xad!\
\xcc\xfdH5{\xb5\xcc\xb5\xb2\xffTE\x1e\xf9\x01\xe8\
\x16\x85O7s\xe8\xae!\x8a'\x9a\xe7\x0e\xb0\xfd\x9e\
\xa7\xbfvz\xe8#\x0d\x1a\xf6pQt\xcd#B\x9c\
\x8d\x03s\x0e\xc2\xa5~\x11\xec(\xd9qn\xe8\xe3\x10\
\xed\x19:TC\xee\xd5\x1b\x1c\x7fu#\xe6\xf6\x0ar\
\xf8\xe3d\xbd\xae\xdc0\x85\xcc\x06<\x01\xe8\xa8\xf0\xc1\
\xe6\x03\x9a\xc4\xa9?\xef\x83Uprx\x96\xa8Uk\
\x8c\xdc/8\xb3X\xb9L\xdb\xc3\x15\x1c\xffFG\xb0\
\xa2,\xddw\xcf (\xdc\xb1IA\xb5\x00\xab]\xb1\
\x16fb71\xfd\xe7\xacr\xeb\xbe\x7fH\xc4\xc3\xd2\
\xf6\xcf\xd4>\x8dlD\xd2L\xfb~\x11\x11\xef\xe11\
\x14\xbc\x18\xb4\x95\x8f\xb8\xff_\x80\x7f\x16\xf4/\x1e\x19\
\xad>\xec\xc1f\xe3\xd7dVw,\x17\xcc\x92f\xf8\
u\x97Me\xbd6\x11\xd7\x83U-;\xff>+\xe6\
s#2\xfd\xaf\xd0;\x98\xe6G\xf1\xe4\x9c\xd4c\x83\
\x05\x1e74T[\xef\xe0(\xbc\xe5\xa0f:\xcf{\
\x92V\xf5\xc7\x934\xb0\xfd\xd7]\xda\xf4\xbd\xf3/\x1c\
\xcfOG\xf5\xe5\x7f\x1d\xf4\xe0\xceN&\xa5\xd3h)\
V\xe1|{5\xdc\x95a0F\xd8\xc9fF\xb9\x01\
\xc1 \xe0\xc6#To3\xbf\xbdW-j\xf1\xef\x98\
\x1c\xb0+\xa2\xbe\x87\x9e\xa3&\xa5\x17\xadn\xbd\x0a\xb9\
\x0f\xfdS|\xb9\x92\xf1|\xb9.\x7f\x89D\x09??\
\x12k\x19\xb0\xf5\x89g/\xf7b\xbc\xbe\xe6\xfe\xdc}\
\xbel\xb7Y.5r\x99\xd5\xdb\x9f\x8a\xb4\xfc\xcd?\
\xf1\xd8;\xf2hO\xb1o\xee\xa3C\x0c\xbc\xe4]\xb1\
,f\xe7\x08j|\x174\xb8\x1b\x83\x0e\xb8\xd6,\x0e\
\xe5\x84\x18\xc4gF\x9b/\x10\xe5\x9e\x9b\x17\xc3\x12O\
\x08t\xfd\x8f\xe5;\x8bu\xe1\xf1p\xb1\x96\xdb\x82\x17\
\x07;\x9c\xc3\xa7w\xf5\x9c\xc6\xbc\x02'\x90\xae\xe5Q\
\x83\x9e\xe5(9\x88a\x03\xcb\x0d\xba\xfd\x9bt\x9e'\
\xbd\xfb\xac\xe7\xfd\xe6p\xf5\xe2\xe3\x80\xff\xbe\xfb\xab\xfb\
\x9f\xb6\xbb\x9f\x12\x97\xe4\xfb\xf9\xcf\xf6\x075\xf1Bm\
\xb0S]\xf9[*\xc1\x9b\xea>\xcfe\x9f\x06\x84\xed\
'\x93\x15;5\xe2l\xdf\xac\xcf\xdbWc\x8c.]\
SR\xd3\x1cu\xff\xc8\x1f\x15[\xa7\x9d\xf5@\xc3\xe3\
\xf5\xe0\x17\xb1l\xe2\x9e\x89\xf2f\x9b\xaaM\x18\xd3y\
\x9b\x86\xdb\xe7\xeeGRu\xf2z\xb6\xc1\x96\x0b\xe4\xe7\
\x13-\x9a3\xb5\xef\xa2\xdc\xabE\x9c\xe7\xa4\xe8i\x5c\
\x81;\xebW\x03\x1e\xfd\xb07<\xdc\xfc5\xcd\xf57\
)F\x88\xeef\xc4\xf91N~\xc6\xe7\xb2c\x10~\
\x8c\xc5\xe11a\x09\xcc\xf8\xbc\xceg\x1c\xe2\x1f\x86{\
R\xa0\xf7fO\xd9\xc3\xd6\xa3\xfa\x11\xbc\xac\x95\xf0\x7f\
s\x0e\xa1\xdegq>\xca}\xfd!}\xf8\xdd\xc6\x93\
\x00\xe6\xf6Q\xec\xcb\xc1\xfc\x18\xc2\x7f\xe1D\xec\x11\xcd\
\x1a^\x8a<\x01S\xbe\x5c\xddGHy(\xf1\xbcU\
\xa7\x8d\xb9\xa1\x1b\xf4\x1ef\x1bA\x05\xfeVt\xf5\x07\
\x10\x12\xcfqmG\x18\x22c\x92\xde\x84\xb1\xfd\x03\xf9\
\xe6P\x99\xaf_\x15\xf5\xf8Ry=\x012\xc1\xc1,\
59\x9f\xa3w\xd6\xca\xca\xb7T\x82>\xf08\xe7^\
\x88v\xda[\xdd\xe6\x95\xc8BK\xc7\xde\xfb[\xd9\xbe\
q~'\xb3k\xff\x84R\xbdS\xe7~snT\x10\
\xf5\x7fg\x88\xb7Y\xf0GMLZxhGr\xdc\
\xbf\xff.<WF\x9e\x94\x99M\xe3\xd9\xbf\x18-7\
\xd5\xc5q%\xf87\xc7\xa8\x9b\xa5\xc4B\x16\x19\xbfb\
6R\x11N\x81\xe6\xbfH-\xb4\xd1\xe0|\xee(>\
\x80\x1f\xa8\xfa\xe6\x83>\xce\xd0\x99<\xc0\xa8\x1e|\xfc\
e\xc1\xa3\xe97:\x0d\xb3&o\xbe\x83\xf2\x035\xc7\
\x1c}\xd0\xfb\xa1\xdb\xdd]\xc8\xf0x\xa6\xf1\x07\xfe\xc6\
\xba\x9d\xf7J\xee\x05P\xd4?G\xa1\xd0O\x1b\xbc\xa0\
]\x05q\xba\xc5\xc7\xa3qs\x00W\x89\x8fH\x9c\xa0\
\x9e0\x1dR^{V\xd0.}\xdf\x05\x08\xd1\x15\xda\
W\xf8\x9f\x91\xb9\xb4q8\x82)\xe5\xd1\xe0\xc0\x80/\
\xa9mI\x88\xd8\xe56\xb0S\x85f\xa5\xc51K\xc6\
\xf3\xe1>\xff\x11\x16\x1d\xb0\xb4j\xf4\xbf\xb5\xccp0\
\x8dV\x22;5@\xd3-\xa8\xf8\x16\x92\x22\xce\xaf\xa4\
\x80.\xa9\xb4(R1Q\x8c\xfe\x89\xc9\xf7\xf1\x9f\xd3\
 .\x02\xf5*\xb7\xfc\x0dL\xed\xcf9f\x12\xde\xdb\
\x07\x0d\x10l\x10;\xba\xce\x10\xa7\x92\xae\x0er\xd8\x8d\
\x908\xaa\xe3\xac\x89\x94\xa8i!R\xcaR4*^\
D\xdac\xbc\xa1\x02\x1d\x0af\xb7E\xc0KIv\x88\
cC\xa6\x0f\xaab#\xef\xcd\x8d\xcd\xc3Y\x16\x04\xbc\
D\x01\xdf\x81\x85\xec|\x10q\xf4\x8a\x97\xecGV\x80\
\xf29\xc6\x00M\x01\x9d\x0a\xce\xf2\x15\x95\x8f\x9fz\xd0\
V\xcc\xec\x8a\xbcn\xcc\x86\x1d\xfe\x5ct\xf6\xc7\x5c\x16\
X\x86,tO\x03\xf3\x07\x0dl\xf4|\xc7N\xdcA\
\x0d\xb2\xf8;\xa7\xa36z\x90\x0d\xb5\xfa\xf5s'*\
@\xb0_?\x85\x83\xf8i\xcf}C\xaa\x0e\xc1\x86X\
\x0c\x0a\x0e\xab9d7\xff\x00\x10M\xa5\xd9\xec\xb4\x89\
\xaeJ\x89\x90\x86\x1b(r\x81\x16*Q\xf9\xc0\x11\x98\
\xc6m\xa9\xa3&\xa0A\x9d\x1c\xe4/f\xb0\xdd\xd8Y\
\x11\xed]?N\x80\x03\xc3\xa7\xf8m*\xb0\x19,\x1b\
\xac\xcf\xf2\xc5T[_\x81\xf5\xd6\x05J\xcf\x96=`\
\x0f\xbbz\x13G~y\xdd\x7f\xe8\x16\x09a\xcf\xac\x9f\
\x93B\x9f\x80\xd1\xb8\xe9pi\x8f\x9f\x84U\xb9\xef7\
\xd4\x86X\xc6\x9fDv\xb2\xec\x5c\xbdh\xban[\x0a\
m|\xc1;v\x854\xf4x\x99\x10A3x\xae7\
\x99\x00\xb7\xf3\x01\xc3\xe3\xe9F\xcf\x8f>&:\xd4\xe0\
\xad_p\xb1\x88y\xbf\xa0z!\x1a\x81\xdf>h\xff\
;\xa0\xf5\xa5\x01\xb8\x0fk\x9a\xe3\xa9\xe3\xcc\x17m\x8e\
^\xc0\xc0\xc6\xf7oX\x81\x01x\xa0\x17\x05\xc6u\xa1\
\xbfhP\xcc\x9cn\x9f\xc9z7PU\x98\xf9\x0be\
\xc5\xb9\x1bh~\xe2\xf6\xd0?m\xff\xd7\xc6G\xae\x8b\
\x112\x88`6#Y\x89\x00\x5c\x7fY\x99y\x07\x8d\
\x95f$\xdb\xff\x9e\xbdH\x9a\xc3\xea\xc6\x00,@x\
d\x110@\x94\xca\xfe?\x5c\xe3\xc7{$\x8a\x9b5\
/\xb0\xe1\xf1\x15Y3\x14\xcedF\x94j\xd8\x7f\xde\
\xdf.\xbfObJ\x18{\xbe`\x93 7\xe5\xcd\xa7\
\xfb3\xe2\x11\x89+\x91\xfd\x9f\xc2\xfeGV8\xb3\xbb\
\xa9c&\xa2v\xb4\x87\xf2t\xb6\x9dI\xe2B\x85\x95\
\x17\xa5\x89\x16\x98\xdb\xf65k6\x02Kh\xd0\xf5\xab\
\xbe\xdfh\xfeX\x9d\xc1\xe8E>\xc3\xd1\xb1\xe8\x84\x19\
\x87\xe0`\x83\xb3/\xf8yK\x15\xda%\x17\xaa\x8c\xf4\
+\xe0xq\x8c_\xa3{\xa9\xe1&Onc\x98.\
\x08{\x17\xcf\xc0m\xbe\x0c\xf5\xd0?{_<\xd0v\
\x06\xcc\xd9q\x15\x8c\x99\x05\x7f\xaf\xa3\xfc\xbf\xfe/y\
N\x86\xde{1\xe2\x90\xbe)\x04\xc4\x0f\xb1\x8e\xdco\
x\x13\x1f\xf6<$|\x8eo\xb1j\xf7\xae\x077\x12\
:\xb8\xfeMO\xbb!\x14\xff\x9a\xd0|\x1e&ya\
\x8f\x1eU6_\xe8\xde\xf9\xdb\x98\x91\x1f\x99\xf1Z\xad\
E\xba\xb8\x10K\x1fLo\xcb\xb2\xd4\xb5\xac\xbc\xbe\x18\
\xfd\xdd\x02\x0bP\x0a\xe0\xdf\xf4\xfcW8\x90\xbc/&\
\xf8.,8\xd4f\x973\x80N90\xce\x1a\xbf\xdf\
\xfa\xc0\x84\x81o{\xca\xfe\xa0\xdb\x19r\xee\xa2\xd8\xb8\
h\xe7\x01u_~\xf3\x9e\xc1\xa5x*\x00}0\xaf\
\xbd\x1d\x1f\xd0>\x7f\xfb\xf2j\x8e\xb4FR\xcd~\x81\
\x9b\xd6-<\xb8\xb8-Js&\xdf\x0eP\xf1\xf3\xe0\
K\xd8\x83\xe4\x22\xb6o\x8cW\x7f\xd7\xc0\xe2\xe7\xea\xe1\
\xec\x82\x90\xb1_Fwu\xc4\xfb\x85\xe7\x00\xac\xd8\xdf\
\xe4\x1b\xc6\xbf\x81\xb4\xae\xb0\x1e8Op(\x83\xf8/\
\x10\xea\xc5\xbf\xc3]\x88VO\xad\xa9\x8e\x14\xe4\xe7\xaf\
\xc3CM~E\xcb\xc3\xc5~_\xbf\xd3\x7f\x0bt\xf6\
$\x06.6\xd91\xb8{\xc2\xb6\xc9x\xe9\xa2\xfb\x1f\
\xdd\xc5\xf2|A\xb5\xf0\xbd\xf6\xda\xfe\xf1\xc3\x22\x17\xed\
\x0b\xc8\x13\xc2\x85\x7f\xc4\x8f#,\x92\x12{\x06\xdeH\
\xbb\xd8\xcc\xa9\x9e.\xb01\x91 \xf1\xf6R\xe1=,\
\x14p\xeby\xf6\x8c\xd0\x9c\xd8\x7f\xbe\xb2\xbb\x97\xbe@\
\xf9\xdf\x11}\xb4)\x87\x86\x0dIg\xcb\xb9$\xf9N\
#7T\xf2\xcbS\x7f`VX\x8b\x07tmg0\
^\xc2e\xb0\x03\x95\x1da\xcd7\xa2kA\x98\xef\x89\
7\xd4II\xc4\xf7\xb4sI\xec\xc8\xe8L8&\xd0\
x\x1e\xd9\xe9\x8bV\x1b\x5c\xda`% 0\x7f!5\
\xdf\xbf\x9di\xbe\xd6/\x85\xfc\x22\xee\x9bS\xc2F\xaf\
\xf8\x22\xf8\xc4\xe7\xa2y\x0c\xa9\xf7\x0e\x80\xc8/\xaeV\
c\xb3\xad\xc9\x18\x1e\xfa\x02\x82\xbdH\x82\x03\xe6c\x99\
\xd9\xbe\xa2\x7fOX\xe7(\xd1` \xe7\xb2+s@\
\xab\xef#\xdc\xcb\xef\x18\xcf\x87\x09\x93^d[m\xfb\
\xb5{W\x16\xcf\xee\xed\x86+Q\x9b\xc4\xfb\x0f\x14\xdb\
\x0f\x9f\xfdL(\xc2\x14]\xb3r\xae\xcb\x03\xca\x11\xf9\
t\xa4\xcf\x80M\xfa_T\xfd\xbeG\xdc\x80Xz\xf8\
\x85\xc0$\x0d\xdb\xdfF\xe6]\xc9\xf5\xff\xc0\xd7\x05\xa4\
\xe7\xda\xf0|!}\xc3\xf4\x0cj\xf7\xc5\xf2#x\x09\
\xf1Ei\x0c\xc5y\x02\x9e\xe1\xf0\xef\x07(\x13\x1e\xc6\
%\xac{\xf9\xfd\xbd\x96sy\x9a[\xcc \x15\x973\
\x8b\xbe\x18\x0d\xc1\xa9\xe4\x07\x94d\x9d\xbd\xd8\x5c3Y\
\xa2|\x97\x0b\x1f\xa8~a\xa7\x0bP\xe03\x92x?\
\x17#\x19\xc2\xa7\x14\xb6\x98\x9d\xef\xc7x\xff\xf3</\
8\xe8%\xf0\x1c\xc8%\xa29\xd0[op}\x02A\
-=\x97\xefz0\xdc\xfe\x0a*F\x14\xf4E<9\
|l\xfd\x8d6v\x00\x16N@\xe5\xf2$\x13\xeb\xb9\
\x0a\x0b>\x18\xd8\x84\xd9\x9d\x9bi6,j\x86\xf4\xf3\
U\xef\xd6r\x07|\xe2\x16\xcf\xe4A\xc4\xf3\x8bi\xde\
\x85\xe9?\xc6\xb1]1\xd5\xf0\x98KWE\xbf\xf1n\
$\xd5\xe8\xef\x0b\x04\xec\xdc\xf5\xcd\xa0\xba*\x03\x91\x8e\
\x83\x92\x17\xd3\xbd\x91\x17\xe5\xdd\xb9\x01(\xe5#\xf4E\
\x9d\xb4\x17qh\x17U\x87\x1c\xb3\x1d\xa2b \xe6\x16\
\x9c\x1e\x85\xab\xde>\x17\x99\x81\x11\x0dz!\xea\x01\xd5\
\xf3tZ\xb9\x07\xc5u;\xd7\xbd\x0d\x1b\x9c\xa2;\xac\
\x04\x1a\x83\xf0^ K\xc0\xeb\x80\xce\x95\xab.\x10e\
\xa2\xeb\xf8\xc0\x06k=`\x17~x\x09q^\x04\xd5\
3\x88\x18\xaf\x17\xe4\x8e\x9b\x03\x87%`&#Y\xdd\
.z\x8e\x0b\xd9\xbb4S\xc3\x17\x228N\xa2\xbf8\
\xfb\xe5\x80\xbb\xe4bC3\xd0<\x030\x8e\xc9k\x17\
\xf9\x07\xb5\x16\x90\x9c8\xb0\xa9W\xee\xef\x8cu\x84\xf4\
nxOWg=/\xc8\xf4\x03\x81\x1b\xb62\x18}\
.\xc7\x07\xce0\x93\xee7\x89\xfd\x17[\xf4\x05\xa5\xde\
\xff\xff1\xa30\xf4\x08\x14\xf8\xc9\x9b\x06\xee$\xcc\xdc\
\x82\xe4\xb9\x0bBzR,\x8a\xe9\x1a\xffbH\xbf\xb8\
\xca\xef\xbf\x82m0\xf4\x0e\x1e4\x03\xf4\x1b\x92|\x81\
\xa1/\xd6\x05\xb4\x8b\xf3\xf9\xb1\x09\x17\xb0~o)\x7f\
\x11(\xe5\xfb\xcb\xe7\xe9\x85\x1b\xc1\x01\xe9\xefA\xfd\xb3\
\x16\x1d\xca\xb5\xa1\xec\xe2\xe8-\xaa\xa4\xc1\x9d=E\xd7\
@\xbf\xa8\xf1\x8c\xf3n\xa3\xfd\xb4\xac\xf5\x07\xd8n=\
\xa2\x8f\xfe2t\xdd\x94\xe4\x8f\xa0e\xf0/\xf8\xf6\xe2\
\xc4\xc6/\x95\x0fo\xa5\x87)w\x87\xc7\x99\xe1q\xf7\
%\x06\xa0/\xfe\xf8\xc29\xdd\x7f\xaelk\x7flD\
?\x0d\xbb\x7f\xd6\xf1\x1f\xe5\x86\xa9\xb6F<\xd9:\xa3\
\xeft\xae\x7f\xf0>\x1f\x93}O=\xa3\x0c\xca\xfe\x02\
S\x00]\xff\x7f\xcf\x16\xbfK\xb8%\xcd8q\x82\xfc\
t\xd2V\x85\xce\x05\xac\xfd\x8e\x0d\xfc\xabN\xfd\x0b{\
\xc3\xf4E\x96\xf1\xfd\x85\xb8D} \xec\xe0h\xed\x8c\
\xac~\x22\xaa\xbb\x02m\x1b\xaf\xbe\xb9\xfbE\x06{A\
\xec\xf1\xeb[$y\x94b\xc0\xa4\xfa\x91\x81\xd4w!\
(S\x1cz\xe1\xf3\x17\x90buU.\x83\x8c\x1f\xe1\
d\x17D2\xe9\xb2\xb6\xf1(\xd9\xf7\xa1\x0b\xfb\x9de\
\xd1\xeb\x1b\xc0\xdd\xd3jIR\x1e\xf1\xd4\xf7\xf8\xa2\x96\
\x09\xb9\xf3i\xed\xdf\x1d:\x08\xf2\x1e9y#$\x0f\
\x06\x0e\xf1 \xad\xf2L\xb7{\xcf_\xf8\xb9\xba\xdd\xee\
\xd1\xd1\x05\xc5>\xb9\x83}z%Y4~\x01\xdb\x08\
y:z8\xc2\x8bc\xb8\xaen\x85\x95\xb3@\xe8\x9f\
\x82M\x18\x92\x7f>\xcf\xf2\xbe!\x94\xdb0\xb9>>\
\xe1\xe1\xfex\x86\xa3;\x8b\x82\x9a^C\x87\xf2\xc5\xe8\
\xd2\x9de\xf1\xfc\xab\xa9@\xd0\xa4\x03.\x107\xfb\xe0\
-\x83\xfc:\xe1o{\xc9g\x95\xd7\x9e\x9f|w\xac\
b\x9a\xee{\x86]<h^\xda\x19\xd4a\xbe0\xb8\
\x5c\x0cL\xe0\x81\xffc\x1fOE\xda\x8c5{\xfc\xc6\
d\xda\x09\x91\xa5\xd9Ksp\x81\x5cM;Y\xbc\xe0\
\x0b\xb1?\xd7\xa9=#\xe6s\x08'\x0f\x06\xee\xa2N\
\xd6\xa8 O/\xc0W}q\xc0\xe62\x229o\x8e\
?\xa2\xbf\x1e\xa7\x99\xfce\xe3[#rO\x19\xfc\x17\
\x0bUq\x17\xf7\xfb\xc0%\xda\x1es\x83)\xed\x06\xc4\
E\x99\x03\xa6\xaf\x9a\xce\x0by\x110\xb3_\xca\x7f\x8c\
\xfd\x01\x81\xdcG\xe0j\x07\xef]\x17\x16hui\xfb\
\xcf8\x8a\xe5s-8Q:\x06Yt\x1b\xben\x18\
\x87\x1dq\x99\x7f\xa0\x94Y3\x15r\xcd\xe5`3\xc4\
\xa1\x85\x9aW\x86\xce[\xca\x04\x9c\xbf\xfd\x99\xf2+\xe0\
]/D\xf15K\x1dz\xed\xc7\xb9\xaa\xd6\x11\x02Z\
5$\xee\x0c\x16\x80\x1c\xdf/\xb2$\x89d\x1f\xb2k\
d\x03_\xf4T{\xddsgl~\xe8\xd9\x89\x9b\xdf\
\xf7\xe9o\xd8\x0b\x83\xdf\xb1M\xf6\xf74\xfe\xa2\x866\
=\xdc\xc5\xad3\xfe\xdeh\xae\x85.0\xbd\xe1L\xdc\
\xc2q?\x10MW\xb3Cte\x06i\x93\xc5\xb4\xff\
\x9dh\xf7\x89H\x1d\xc0\xeb\x7f\xd5\x84f~\x19\x9e\x83\
\x9e2\xd6\x96?D\xad\xbf\xf1.\xad\xed~\xe5\xfaw\
\xe4\xe6|\x8b\x02w4\xfe\xf8H_\x1f\x8e\xd1\xbb5\
\x9a~\xa1e\xabw\x8d\x0f\x9c\xff_\xd0\x1f8\xfa\xeb\
3\x0b\xf9\xb61 \xf8\x0c\x83\xf7\xf8Y\x05\x97l\xea\
\x97\xd1x\x8f:\xfa(]x\xe3\x10P_\xc4\xf7\xfd\
K4\xc1t\x1c\xf2\x8b;Q^\x16>u\xd4xa\
\x02\xe7\x9d0\x9a\xbc\x82V#\xf2\xd1\xec\xbc\xee\xda\x91\
\xa2\xff\x92\xfd\xa2\x94\xbc\xbe\xa2\x9e\xb4\xfcK.\xfd`\
H\xa2\xc1h\xcb\xf7[\xeb\xce\x90]#\xf2\xa7\xcf-\
\x98\x03\xef\x99h\x8e\x03A\xa9\xab\xfd\xac\xe9\x19\x1a\x0f\
\x02\xcb/\xbf\x01+1\x18\x95}\x06F\xa9\x92\xb68\
\xd3\xe1\xd5\xa8\xb5p^w\x5c\xf1e\xc4\xe2\xdcl\x7f\
\xc1\x07\xd83!\x8e\xa7RB\xb3\xcf7\xfeV\xd7\xdf\
\xaa\x86\xd2V\x1dV\x07\xd18\x0bB\xc9\xf4\xc2f\xe6\
\xb3~P1\xea\x80J]\x10\xc3\x07xI\xa7\xfc=\
'\x10\x01\xdf\x96\xa5\x834\xfb\xabg}\xe0\x85\xd5\x83\
\x08\xe9\xff\x88\x8a\x17\x0b\xf7X\xbd\xad\x8a\x1e\xce\x0a(\
o|\xee\x98q\xc9\x99\xc1`\xad\xf6\xd4%_y\xb1\
\x17\xf5\x8f\xf2\xe3q\x87H7,B\xa0<P\x01=\
s\xc4\x17\xd45\xb6\xbd\x9f\x95n!cU\xea\x02\x94\
\xfd\xf7\x1eO\xc7\xa7\x16(\xf7\x8c\x85E\xf9B\xb4\xc2\
^\x0c^\x10\xf7\xff\xc6\xd2\x01vG\x13*\xa1\x9b\x16\
\xd7\x13%\x0b\xc8\x0eLb-\xbda\x9a\xad#\xf0\x8b\
3}\x1d\xce\x91\xe5K\xee\xeb\xed\x0d\x8e\xdf\xe1\x9f/\
\xcd\xfc\xa4\xaf\x16\xdc\xcf\x96\xbez\x8a\xbe\xd8X\x82\x13\
\x9c\xee\x043\x9e\x08\xf3\xfc\x05\xf2\xb4\xfe\xda:\xf7\xf3\
O\xdaI\xdf\x0b\xfc\xd4\xdc\xa0\x5c\xe6\xb5\xf8\xd1\xef\xa2\
k\xf0#\x22S.<\x08o{\xc190r\xbd\x7f\
/\xbd\xa7\xe7 \xa5\xf8\xd1\xde\xaf\xf0\xc2|D\x9e\x16\
\xd6YV\xbf\xbe{\xfc\x17'53\xf9\xb1\xbef\xed\
)|\xd2\xee\x1e\xd3\xe3\x06\x8a'\xe8\xb4\xc3%<a\
\x01|\xd1\xc1\x1bp\xb6\xadn\x97\xdb\x17\xe1\x8e\xbd\xbe\
wW\xb0\x8b\xf3\xf8p\xbdP\x82\x03@\xbf`}d\
\x1d\xa7V\xf8\x01\xd7%\x08\xf9\x1b|\x95\x13Zx\xb0\
\xcd!X\x0d\xff\x1d\xb6\x19\xd3\xdaU\x90\xbfD\xdd\x07\
\xe6\xeaCR\xfd\xc4\xf1\xba/\xc4\xbb\x7f\x05\xc1\xf7\xf6\
\xd7\xbc\xd8\xec\x83\xe7\xfa f\xc6\xf3\xc2\xd4\xf7fM\
\xf1\xba\xd6\xda$'\xf7\xcb\xe7\x1by0\x07\xfdRq\
#zo\xee\xf2\xc4\xd2\xdc\xcbr[\x84\xeb\xb6\x07\xf1\
\xe6|1\xc4\x80\xf3\xa4\x0b6:\xc7\xe3V/J:\
\x1d8\x8e+\xbft\xdf`\xb51O??\xd2{=\
\x99?D\xbc\xd5\xaf\x1e\xfdav\xcc\xc8\xd4u\xa7B\
8C\xb8\x03T\x82\xf5\x05\x90\xbd\x89b\xe1\xfe\xde\xe1\
\xc5K&\xbd\x0c\xdf\x05H\xf9\xb9\x87\x0e\xb0L;\xc8\
\x9c\x8f\xcc\xee\x17\xdf\xa9\xd0\x88\xfd\xebGN\xf7\x15\x9f\
n9\x95}\xfa\x0d\xaanK;\xf6\x8ev\x80\x80\xf0\
/0\xd6\xe5<X`}\xf7\x5cfh\xa6\xefPL\
\xcekG\xd1\xe2\xf7\xfb\x9d\x0f\xa7&(\xaa\xfb\xcfm\
\xf1q%\xbe+\xe9\x82\xb2\xa6\xc1s\xe7\x00\xc3\xcfO\
\xa4\xfe\x17\x18\xa4\x1bM&\xc8\xbc\x7f\x88\xe6s\xbd\xfb\
|\xb1l{\xe6\x82\x9egnB\x0eJv\xb1G\xc0\
\xf4z\xd0\xe0${\xbc~$\x8e\xect\xe8\x87\xb6\xf2\
@\x0cc\xad\x01\xfaO\xd3\xf8\x90\xfb\xd68\xd25q\
\x99\x90M\x9e\xfa\xc2\xf5\x0c\x97a\x86\xb0\xb5}\xffQ\
V\x15\xdc\x90\x06X\xf20\x17\x06n\xe7\xee\xdf\xe7\x07\
\x86\xc9\xb5\xe8\xf4\xbf\xa4\xf4\x82<;Xy\xd4|_\
\xf7\xb9}\xe0p5\xca\xd0S\x06\x1b\x127\x91\xac\xaf\
A\x19\x17\xffO\xfa\xcdp\xbfa\xbd\xa7\xeb\x18V0\
\xda\xcfg\x7f\x06|W_\xd3j\x9f\xf5p\x8d\xe6\x90\
G&\xb5\x1f\xf6^\x9e\xc1\xf3a\x05\x07\x16\xc7\x00\xc3\
\x87\xa0\xde/\xa6\x1c\xcf\x0a\xb8\xa2\xee\xc9\x8c\x88\xd2^\
\xac\x90\xf3\xc7NC8\xb1\xc9\xdc\xcdg\xe2\xc0\xc8v\
\xe4~\xca\xe9rN\xf2\xa01\xbdj\x007\xbf\xedu\
<Z~\xfa\x9c \x7f\x8f\x86r\xfaL\xf8\x15&#\
\x16\xc8\xff;\xf8\xc4\x99g\x06I=\x7f)\x9bnA\
\xf9\x9fn\xc040dX\xf0\x80\xaf\xac\xf9\xf32z\
\x03z=[\x97\xe7\x0c\xe3\x9e\x8f\x03\x89\x95g\xf6y\
\xee\xb8\x91!\xfe\xb6\xac{\x00n\xa4\x09h\x05q\xf9\
C\x88Wn\x18\xbe\xfb\x02^\x1b&\xc7\xdfU\xd3y\
\x1f^\xce\xdcQ\xc8\xf6\xb2Oz\x93\x7f\xacG\xe2\xbf\
\x8f\xeb@w2hC\xc1/\xae\xfd`\xbb\x93\x05\x95\
xI^W\x90W|\xb1\xc9\x0cv'*y\x5c\xbc\
\xfa.G\xbe\xfe\xd3\xbe?\x0e\xe3N\x0f\x94\xbc\x01\x98\
h\x15\x9e\x8e\xdd\xf2\x1c\x02\xbbg\x9b\xac\x09\xdb\x1bu\
\xe6\x02\xb6|6%\xf3@I>M1O\xf6\x9f\xfd\
\xcf\x81\xc8\xff\xcf\xb6\xcb\xe8\xba\x1f3\xfaBR'\xd5\
\xa7\xd1\xbc\xa0\xcc}\xbc\xca6L\xff\xbc\x9f\xeb\xbe\x8f\
\xcek6\xbeq\xf3\x8fS\xdd\xc8\xd3s\xd4\xff{\x0a\
\x8f\xffwv\xfc\xc3z\xc0\xff\xa1\xa6\x1c`\xddF\xa6\
e\x80e\xf6a\x93pU\xf3\xfb\x1e\xab\xe9\x05\xff\x14\
/Z\xde\xbe\x7f\xfa\xff\xea9pJ]i\xb8|\xca\
\xc17\xf79\x908\xf6\x90\x06\x8e\xd7\x5c\x14@\xd98\
 \xfe\xa7{\xdbh\xc5b=\xa7\xcc\x9eG`>\xe8\
\x07\x07/\x8dL\xdd\xf4'\xa8:\xb5\x18\x803\xd6M\
\x8b/\x06\x9c\x9bJ\xc8\x13\x00\x91/\xce\xfeN\xf4\xb6\
\x88R\xe1\x84F\xbbj~DB\x7f\x9c7[Z\xcb\
8\xfe\xbf\x933\xd9HY\xfeS*\xbf\xe2\xc6\x1a?\
3\xac\xa1\xbd\x17D\x1e\xd1\xb2QM\x93\x04\xfe\xe7r\
\xf5)\x83/\x8b\xf6\xac\x0b\xde\x9a\x10\xb3\xd6\x8e!<\
\xcb\xfb\x19\x0d\xe8\x07\xaaZ\xa1\xf7\xe1*\xc73.\xd6\
\xfa\x08;3\xb9\xd9F\xf5\x19\xd7\xd6~\xf2\xf1\x9bJ\
\xfe\x14\x82\x1c\x04\xac\x97\x034\xe7\x0c\x0dk\x92{\xb1\
\xbaS\xff\xb4\xc0\x1c\xe6\x96\x8b\xff\x924\xf9\x9c\xe2\xeb\
\x86\xc93\x84\xb5v\xd8\xfb\xe4\xcb\x05\xa1\x0f\xe7\xb3\x97\
\xa8\xf2\x02&i\x225\xdd\x8eh\x80\x9c\xdf\xbf/\xbc\
\xb9\xc1\x0d1\x94\xbc\xa1\x03\xfcw\xde7\x8e\xe1s\x0d\
gh\xd6P\xf9\xdd\x91\x1e8\xa0{i\xa6W\x8dH\
\xe2\x9a1\x0b\x10:\xf1\xaf\xeb\x5c\x1d\xa8x\xcc\xefo\
O4W\xcfk&\xfc\x8b\x8d\xf6\xa1y2\xc0\xecx\
A\xad{P\xce-\x9d\xed\xfa\x0f\xe6!\x0e\x06\xc0x\
@\xca$\x98=$\xb4\xfc\xde+\xc0\x03%\xdf`\xc9\
Z\x8b}\x08r\x90\xe4\xee\xd5\xbf\xe5\xdc\x1f\x8b\xedV\
\x8c\xe7\xb8\xc2^\xbf\x99\x18k\xf9'\xa6:[\xac>\
h\x9a\x15\xff\xfd>og\x04\xc0\xd2\x0b\x8e\x9b2\xce\
\xf8^\x22\xb2\xe0\xd7-pq\xeb\xba\xf3\xf2\xb6\x8d\x1d\
[\xcf\xa3\x9d.\x80\xb53\xa4[\x14\x95\xfe\xec\xdd/\
\xc8\xf7o\xff7(c\x80|\xff\xf1\xdb\xcc\xd5\xdc\x9a\
\xc7\xae\x99\x02\xb2\xd48\xde\x0b\xdf\xdewd\xa9\xf3\xce\
N\xa4\x8a\x0cH\x8e?\x08E\x0bz\xff\xeb\xf4oy\
^@\x16\xef%\xbc\x02\xb2<0\x87Z\xc0\xc8\x9fO\
\xbf<>]\xcf\xef{7,Q\xf0\xdc\xcfd\xffg\
\xdegdl\xbd\xda\x5c\x10k\xc5\xd2\x88\x9b\xb0\x7fF\
A\x03[\x9a\x96\xbc\xfe6?xq\xf5m\xde\xd7\xca\
\x9e2\x81}\x03\xd0F\xa5\xa1\x9b\x9aV\xfc\x10\x8c\xff\
\xf4\xc4\xb0\x94\x17\x8c@\x90~1\xc4\xfew\x87+7\
\x000\xe1c\xf7\x17buv`\xf0\x8e\xdds\xc65\
/\xec\x03M\x9f\xbf~\x7fM\xd2\x01N\x19\xfc\x9a\xfa\
\xef\xad\xa6\x1f\xe6\xd6\xaeTB\xf2\xa2\xa0D\x8b\xf7\xd9\
\xfbx\x8f\xf7\x06i|\xc4!\xfe\xdc\xb0\x07\x12fE\
P\xbdf\x0f\x14?0\xa9##>\x97\xfd\x1f\xf8\xf9\
\xceiJ\xf4\xb3o\x8b\xee\x1cH\xff\xaf<\x9c\xca{\
\xe6\xa2/?@\xc7\x1c\xb2\xddr\x02`\x0e\xf7~\xac\
\xd9\xe58\xda+\x1fzO\xf0\x8e\xcf\x90\xbd\x13dz\
1Z/!\xf4\xf3\x7f\xfd\xb8X\xa7\xb3\x9e\x93\xf3\x9e\
\xacj<\xb8G:\xf6\x14^\x9f\xd9\xd5#\x05\x0eF\
\xfe?[\x04&.\x16\xce\xae\xe9\xca_\xd1z\x0c\xb0\
N\xa3\xe2\x89\x8a\x9f\xf3\xc5.\xdd\x08\x9b6\xfa[\x0c\
\x92yp\x93\xed\xe0\xf3\x81\xdb~V\xf8\xfd\xe0\x8e3\
u\xf69\xd2\x0c5\x81\x5c\xbajaE\x0dS\xfcs\
J\xc4dI/\x88\xb0\xeb\xf2n\x7f\xb1\xfaA\x16\xf3\
\x12\xfc\x81\x22;\x9f\x9e\x99$\xe7O\xf6A\xf1Ve\
\xa9\x03\xbar+A\x88\xbd\xf1\xbb\x11Q\xfbs\xdc\xd0\
.?}\x86\x0f\xed\xbb\xd6\x7f\x17d\xef\x0e\x16'\x07\
\x0a:\xa6\xef\xc7\xa3^\xf6\x89\xaa\x93w\xf4\xb0\xd3?\
\x8f+\xfb\x00w?\xe4\xcf\x81\x13[\xab\x1e'\x17\x0e\
C\xe1EHy\xd9\x9c\xac\x1eg\x91=\xe7\xe0\xe5\xb7\
\xcc\xa1\xbd`\xec\xb9\xb0\x1e\x11\x11)\xdd\xf2\x8dC\x91\
\x1f\x13E,\x88p\xa8\xe9\xab\x01\xea{\x18\xcd\xc0T\
\x8b\xf7t\xd1S\x82\x1e\x0b\xd8\xf7\x14\x1f0\xe6\x1b\xe8\
\x03\x06\xf7\x02\xd4\xd3\x17\xa3\x1e()'\x93\xe3\x98{\
!7\xf0\xc5n`\xb2\xabaMQ\xf0\xab\xe5X\xda\
\x9aq\x9e:k\xb4Ew\xbf\x1a\xf4.p\xffa`\
4s\xbf\xfc8S\xb8\xc9\x03x1\x84u\xc1qd\
\xfe\xc6\xa7\x92\xdaN\x93\xfa\xe2\xe6q\x9ah\xa1\xd9\x0d\
xNV:Q\x99\x01\x94y\x96\xfe\xfau\xc7\xf7\x15\
\x03\xd9\x96St\xcd\x93\xb9W\xd8\x8cofO\xd79\
C\x7f\x0f\xcb\x0fz\xfe\xe9\xee\xfdr\xf5\xb1\xe0\x7f?\
S\xf4v\x22\x7f\xab\xf7\x1d\xfe\xc1\x86\xf8E\xea\xba\x22\
\xf6pe\x00ih\x9b\xae\x19\xbf\xb8\x0d\xc0\xdb\x16\xc9\
\x1b\x11q3\x1f\xcb\xfa\x8c\xd2\xa8\xcc\xcf\xf1\xf6\xf7P\
\x0d\x83\xfa\x22\x93\x9b2\x08A\x86\xf2\x97\x90\xde\x14\xe0\
{\xdco\xc1r\xf7\xf2\xb3'%r\xee\x87\xfe_\xc4\
\x133(\xc6|wv.<\x18r\xe0\x7f\xba\x84N\
\xfc\xcc\x93g{\x08\xd4:!Op\x86\x5c\x80\xa6\xd1\
\xc0\xfe\xef\xf8\x1e\x13\xd0k\xb9%t \xbaNcn\
d\xde9\x8a\xf2\x0a\x9bo\xe3\xbf\x87^\xbc\x8d{(\
y\xe1p\x1d\x0a^8\xb4pbY\x7fw=\xbf\x13\
\x85\xbdu\x97\x8a\x00\xdbCY\xc17*\xabD\x0d|\
`Ul7\xf6\xc0\x1f_v\xcf\xca\xbf\x93cd\xbe\
\x1blx\xbe\xf4\x9b\xf0^\x02\xcf\xef\xc9\xf8\x0f2\xf5\
1\x04\xde\x8bax\xba\xcf\xcb\xeb\x06\xfd\xf4\xcf!\x22\
\xb9\xbe^\x984.\xbd\xa2@x\xad\xee\x019\xdf\x93\
\xb6\x8de\xd8\xad\xf1\xfdE~u`\x8d\xd6\x98\xa5\x01\
40\xd14n\x0a\x9a\xcf4_\x93-v\xce \xb3\
'c\xdfz\xf7\x09\xe4\x00d\x0eE\xda\xffi\x06\xb8\
\x16\xe9U\xa1Y\x07\x1e\x169\x17\x15*_\x12\xd3\xff\
\xc8o\xd3M\xc5\x0b=\x0bs\xb7\xd2\x90\xc3\x8dn\xfd\
Q\xfbkL\xcc\xeb7C\xbd\x17\xb36\xf2\x85\xe3\xbf\
 \xca\xe3\xe3`\x87\x92a\x81op\xfa;8m\xce\
\x10\xfc\xc5\xcf7.\xb0\x9e\xfc\xe9?\xe9\xf1\xcf\xfd\x15\
k\xba1h\xe6\x99\xfa\x85\xa5_\xf7\x0c]>P\xd2\
\xcf\x18\x9e\xbfH\x00f\xac/\xcc\xc7\xf0\x0b\x0fxj\
|.\xc3\xde\x12mw\xa8\x80'\x92w\x9a\xbe\xd0\x03\
\xfc\x11\xcfn\xaepG\xa4\x1f\xdc\xf5\x1d7\x89\x04\xe2\
\x8c\xe6\xc1\xe7^\x1d?\xc0{\x0b\xc1\xc7(e\xbd\xd8\
\xf9a`\xf0\x7f\x81\xcb\xde\xaf\xf6\x96z\xe6Mv\x22\
vy:\xaeH\xf0| \xf1i2\xf7\xe7V\x5c\xe5\
X\x1e\x0d\xd8>\xadd\x89u\x01\x058\xa3|\xf4\xd7\
\xaeDd\xfcO\x1c\xef\xbfhr+\xfe\xb4\xff\xea\xcd\
o\x90d\xd6\x06>\xe0\xd2\x85\x8cv\xfa\xf7\xaf\xe7\xfb\
\xf2\x7f\xe5\x8b\x80\xf1\xd6\xa7O\xb1\x1c\xebz\xca\x8b\x13\
\xdf\xc2\xe1\x0dx\x01`v\xf7>\xff$<x\xc07\
\xc4:\xdeB\xaf\x9bp\xe5\xc8Xv\xdb\xf4\xa1w^\
\xe9\xbf\xb7\xf1Cp\xbe?\xa0\xafO\xbe\xd6\xfb\x17\xb9\
B\xa8\x1f+\xf5B<\xa3K\xe2\xdd\xb4\xab\xdf\x9a\x11\
_\x8c67h~\xd0\xe9A1\xae\xa2v\xc0f\xa0\
\x8c\xf5\xeb\xa6V\xe5\xb3\xf4w]\x0c\xf5\x1d\xd5\x83\xfc\
\xfa\xf2\xba\xf8\xb4\xc2\x7f\xe5\x0d\x8e\xe9U\x84\xfb\xeaS\
\xed\xee\x04\xc6i\xcc/D3\x7fO\x16z\xf6\xedZ\
l|\xb6u\x865\x07>\xba\x07\x86\xf5B\xef\x11[\
\xb9|\x18}\xc2\xff\xa5i\xf6\xe7\xb9D\xee\xe5n\xa7\
\xfc\xebp\xf7\xfb}g\xc89\xfc\xc9\xa1n\xf0\xdc\xef\
\x10\xda)T\x99\xb2\xca,\x08U\xab\xcdy\x9e\xef\xef\
\xdbS)\xb8\xe3\x9a\xf9?i>\xf8\x5ca\xe3\xcc\xb0\
\xf5B\xc8\x0e\x98{-\xf87\x18\xda\x07\x97cv\xd2\
\xb1\x9b\x99M\xe3\x02\xff\x0a\xe4K\x18\xa7\xbc\xca\xcbm\
\x9ew\xb7\xb7\x98\x98;\xbc\xce|\xb8\xa9\xb8\x9f\xee\xb7\
f\x1c\x1f\x11\xf7\xbcd\x1f\xc3\x8d\x0e\xa3\xf1\x84g\x87\
]\xcb\xedx\x0f\x88v\xca\x84\x0c#\xf9R\xb2\x17\xf5\
2a\xe0>\xe8>\xf9\xd8\x89\xcf\xe6\xdeCw\xc4\x17\
\xe4=\x08\xc5\xd12n\xd3\x04^\xdc\xb9\xff\xaf8\xcf\
w\x1b=\x17,\xfe\x1b\xbe\xde\xe9\x8e\xe3\xff\x0a<^\
{\x9a\xde\xcc\x8fy\xe0\xa4\xdfS\xe7\xaa\xd6F\xe0\xe0\
]\x1cH,\xf3;\xea \x1e\xae\x89\xdf\xde\xa1w\xe4\
\xd58Nm\xbcZ.E\x18\xecnv\x98!\xe2V\
\xebxMw\x1b4;\x0f|\xc8|\x1a:I\xf3\xe1\
\xcf\xff\x95\x1f\x06]\x92\xc6\x8f\xea\xc1\x14\xbb\xab/.\
\xe1\x7ffw\xd2\xec\xcdn\xdd\xb6!1+J\xa7\xd6\
9\xc6Fyk\x9f\xdf\xdach\xde\x91\xe0\x97\xc3\xb0\
b[\xc5\xc3\xea\xb5w>\x17\x8e\xf6\xd9\xac\x1e\xa9\xd9\
;\xf7\xbdu>qZ+\xf3;)\xde$\xaf\xeb\x05\
\x1b\xd0k`\x0d\xd7\x9f\xbd\xed\x1b\xdf\x99\xdf\xb6W|\
\xa2_<K\xad<\xe3\x07\xfd\x9c\x0e\xe49\xb3\x0fo\
L\x89\xda\x109\x86C\xee\xc5\xfb\xb6\xe3N\xdd\xa7\xd7\
\x0d\xab\xf3\xad0\x8ft\x9f\xc0g\xb0\xe3+L\xf0\x7f\
\x8dK\xaf^\xb0\x9b\x0f\x93\xc7\xce\xc0z\xfd\xa259\
\xbdt\xf5\x11\xea\xfa\xc2}\x13\x05\xb7\x14\x11\xd7\x0c\xf0\
\xd7\x0b/|?-\xd3\x13B\x93\xd7\xd6W\x03\xe3\xa9\
c\xaf\xf88X\xfb^0\xc4\xbf\x7f\xb3\x7f\x19[t\
q\xe5\xf1\xec\xf3MHC\xc8\xd8\x91\x22q\xa1\xfe\x7f\
\xde6'T\xfc\xe1.\x9a<\xe9\x98\xf865\x11\xfe\
\xce\xd9H\x08\xce\x11\xce\xd3P\xb5\x85\xb5V\xba\x17\x1d\
\xa5-f\xdd/\xee?Q\x00\x05\xf1?6\x1d,\x99\
\x11\xa8?\xf4\xb2\x8b\x9dO/\xf8\xbf\xfc%\xbf\x9c\x1b\
/\x9a}\x81\xff\x1e\x10\xc2\xb1\xfe\xde\x80y+d\xbe\
\xa1n\xe4\xc4I\xcdx\xa0\xa1\x83\xd5\xfb\xb5\xa4\xef1\
\x00!\x82[H0\xe6\xe0\x01\xd7\x1f\xc2\xcc+\xb7\x8a\
:V~SD\x9c\xd3\x95to\xaa\xbfzg]\x7f\
\x07\xbc|\x0e\x14\x09M\x7f\x1a\xcd\xd7\xc7VS\x0c/\
\xd9\x916\xff\x9a\xfb=\x87#\xcc\xb0\x90\x87\xed\xdf)\
\xf4\x15BhC`\xdb\x07\xf3\x0dX\xcc\xe9\xa2\x196\
\x15\x0e\xb9\x93]\xbe\xf2\x11\x22\xd75r=\xa6\x86M\
\xbbkQ8^\x95\xbe\xaa\x13_\xd1\xce\xc6\xfb\xe3O\
).\x80\xff.=\x15/x\x1a\xab\xa5\xf9A\xc3\xf3\
\xc9\xaf<\x0dp\xef\x92\xffz\x89\x9b,\x07\xfe\xbe\xc1\
\xc2F\xaa#\xd3@\x1f\xfeH\xb6Dz\x1a\x1c\x7f\x22\
\x17\xe9\xd0\xc5\xc8x\x9eI\xf7\xf5+\x893\x0a\xac6\
\x05vu\x96'\x95K\xc6\xfd\x05\xa2?\xf9\x14\x0eG\
kn\x19\xfb;\x03G\x7f\x0cL\x05{4I\xe6W\
\xc9\x99Ae?ta_zk\xae\x1a\xe6\xff\xf3/\
\x04\x05\xf6\x9eOM\x96OO\x88r\xc1y\x92\x16\xba\
\xff\xf3_\x15F\xd8X\xbdJ\x89\xfc\x82\xbe\xb9\x81C\
#\xddk\x14<&\xef.\xc8\x18\x82\x0dT\x98?`\
\xff\xab\x02[m\xbb\x89\xf6\xe97\x85\xc0\xca\x05P\xfb\
\xb0RC\xdbz\xfa\xa2_d\xba\xe7\xd7\xb2\xdf\xa1\x15\
<&\x19\xf2!\x93\xcc}d\x5ct\x00\xd1\xb7U`\
\x99w\xab\x86\x8d\x08\x0e\xe2+k\xd0\xbc$\xdd/\xcf\
\xde\xd3/\xb0\xb8{y\x96\xfc\xcb\x92l\xf5\xc2\xf3%\
\xfao\x10L\x1f\xe0\xcf\x12\xc8\x87\xc0\xc7\xfd\xadG\xf5\
y\x89r\x96\xa4!\x0a\x8e\xcb\xd6\x8d&\xda\xdc\xed>\
\xc4\xfd\xfd\xd4\xe6b\xebd\x8e5\xab\x13`^\xd5\x16\
N\xb5\x04\xf4\xc8\x8c\xadCA\xb0\x89\xaf\xd3XV\xfb\
\xa4\xad\xba\xc9\x8e\xfd\xd7\x8a\x85\x8f\xfa\xed\xdfs\xf8w\
\x8dH&\x13\x13\xa2\xb8\xedd\xa6ow\xe8\xf5>\xee\
_\xf7=\xce\x0c\xcb\x80)u\xeb\x90W\xe6\xd1\xf5\xf5\
\xb8\xd2\x0a\xe1s7\xea\xef\xb6\xc7\x22\x09\x10\xeb]\xfd\
8S\xd6\xdf\xf5\xb9\x1cB\xdd\xbf\xebk\x8b\x05\xeb\x9b\
}\xc2\xb8K\xe0\xde\x0b\xc0\x09\xa2\xd5\x05\xbf%\x84\xf7\
\x857Wt4\xfa\xd4\xd2\x0a\x92\xb7\x9b]K\xe1\xf5\
~\x0bk~g\xd4\x95w\xea\x22s\xb0]\xbd\x7f\xe4\
n6\xff$q\xcd\xe7\xae\xae]\x85\xdcv\xc1Oh\
\xce\xc3**Wq\xfa55\x1e\x5c\xb0\xdd\xd6\x0fN\
\xcajv\xe2e\x83.\xf0\xdb$\xa7g\xa1\xbcz\x95\
\xa1sk\xe5\xae\xe52\x86\xe59xY\xf0!\x0b/\
\xb7\xfdu\xe5w\xe3%N\x8c\x14 \xde\x13\xc3y'\
\xb4\xee\x11&\xed\x1e)\x96_5\xbb\x0e\xf8|\x1e\xf9\
>\xfa\xb1\xcfp\x1b\xe6\xcf.t\xe4>\xfd\xbe\x0f\xdb\
4\xdf\xc1:\x9f\xfbo\xd8\xe5d\xc7\xea\xfe~\xa7\x9d\
\xd4\x92`\xff\xf3i\x9bW.\xa9\xee\x13y\x7fE\x0e\
\xf1@\x8c#O\x17$\xd3\xa7\xfbo\xb4\x98\xff\x7f`\
\x92\xe5N\xb3\x03 \x1c\xbd\xectxNQ\xbf'\x1e\
bs\x01\x9bUM\xe5S\x18\xd4\x17Q\xb0\x9f\x1fs\
\xbcVq^S\xd9\xdfG\x7f\xb2O\xa4\x0d\xe1F\xbb\
\xf4b\x9a\xfcY;\x90\xed+ \xfc\xb9\x1af\xe0\x9f\
\x18t\xc6\x8d\xfdx\x8f\x98'l\xed\xb9a\x83\x085\
t\x86\xde\xb3D\x8b75*\xf7\x18\xb2\xc6+\xbb\x1c\
+Rq7`\x5c\xbbbG\xf62\xbfd\xf7\x0a2\
+\xfdC\xf1Z\xdb\xc7o\xdc\xcf\x8c\xabES\x04\xf1\
\x0a`f8\xe5\x1d\x1f\xf7s\xd9#\x8a\xf3\x8fn>\
oRxz\xb9,\xccO\xdf\xd4\xc9\xcdK\xd1\x8e\xf7\
\xcf(\xb3}$\x9d\x9cf\x9c\x13\x8e\xa1\xb3C\xe7Y\
Yv\x83\xf8\x90\x88\xcc.>\xbcCM_\xf3k\xfb\
\xee\xbf\xd7e\xe9\x8b\xa3\x18\x9a\xdc9\xc1\x855\xd9\xfb\
=0<\xbd \xec\xfe\xe8\x9c\xc8\xe0\x89u\xe2a\xf4\
\xa6\xa0\xc7\x89\x9bv4\x7f+9x&sP/`\
a\x06\xcdWc\xba%,\xcc\xdf\xd1\xf7\x1c\xbd\xcet\
\xf2\x84\xe5\x92\xeb\xe9\xbf\x01.*\xe0g\xbax\x06q\
Q\xd7\xd8%\x8eLg\xb9\x0a?8\x93%;\xa4'\
\xe79D\xf7\x0eP\xdeD\xd9\xafQ\xc7\xda\x7f\xaf\xc1\
:\xbdk\x98\xae`\xb2\xfe\xbe\x81\x80\xf5\x15\xb9\xccP\
\xe1\xb0RF\xb5\x08}>[1\x86<\xe7\xe8|\x97\
_\xaa\xeb\xbe\xb7\xee\xb7m7\xc3m\xe26]\xa1\x9b\
[\x92.\x8f\xb7w\xf1y]\x98\x97s>\xc7{g\
\x1a|\x0d\xb30\xfd\xce\xe3\x84Y\xfc\xf9&\x82\xd7\xe3\
\xc1\x13\xe8?wR;\xc2\x83\x81\xde;\x11\xa6\xf16\
v\xef'[s\x07\xf4i \xde\x0e\x1c\x1f\xe1\xe9\xad\
O\x88\xaf\xa7\xedR\x1f\xf1\xc9\x9d\xb3\xc6\x1c^]Q\
~\xac\xcfg=\xb2\xec\xb2\x8e\xfe7U\xde\xb6a\xfe\
\xb4\xd9\xfd\xd5\x167\x80\xbe\xf5\xceM]}|g{\
B:\xbcQ{\x93\x16\xb6\x01\xcf\x02\x0e\x8ea\xfd\x19\
\xc4Y\xe3\xdf!\x15{\xd6o\xc2K%\x0f\xa6.n\
\x8b\xa1|\x15\xbf\x99\xb6\xaf9\x85C\xd8\x1ae\xcb\xd8\
1\xba$g\xafg\xdd\xac\x7fN\x9e\xf6\x8f\xab{0\
N\x96}w\xdd7/\xcf\xae\x1a\xdeen]g\xbe\
\xc4\xd8wq\xcf\xebc@\x98]\xec\xff7\xaf\x06\xc1\
\xeaqW\xeb\xf7\xb4^\x9b\xe2H\xbbo\xd1+c|\
/\x18\xc4\x896\x8d?L\x13\x1d\xc8\x85{\xc9\x99\x0f\
\xe1s3<Jv\xb8\xf89\xf9\x1c\xc8\xdd\xa8V\xdc\
<\xe1n\xac\xfb\x14\xb7\xf6\x93\x80\xe0f\xed\x91\xfd\xe6\
u\x22\x8e\xfa\x01A\xd4\x0c\x1b\xe3!\xbd\xde\xaa\xe5\xf4\
\x13\x87\xf9\xb7z\x5c\xc2!}\xcb\x89\xbb?\x8b\xc0\x93\
#\xdb\x1ab\xc0\x9b\xe5;\xf4\xc2\xbf\xfd\xc3\x19\xe9M\
/3\x01\xeez\xa5s\x9c\x8b\xfeF\xf5\x1a\x1b\xe0T\
\x86\xcf-;\xac\x12\x9e\xebW\x9c\xf1\xe5C6\xfd\xae\
g\x0c\x0e\xb7\xee\xb6,\xfb\x140\xed\xb9\x17\x11\x1db\
\xe9\x87\x82\xe3{\xe4#x\x17\xda\xbb\xbfW\x07\x94\x0e\
^\xa37+\xc0\xbf\xc2\x05\xc3\x7f\xdf(\xd01b?\
\xd3jK.\xb4;\xf2\xb2\x05\xb8MV\xb2\xfcg\xef\
x\xb7Y\xe6t\x82+\x80}x\xf3ON\x13\x18z\
\x06\xf3\xaen\x1fn\xe5=\x1a\xa8\xc1\xf2\x9e\x93\xe2_\
}w\xf4,eH\xc5r5\xbf\xe0o\x11x\xfc\x03\
X>\xbe\xe80ay\x05\xc8\xbf\xf9\x1c\xf5c\xf5;\
\xcc@\x19\xbe\xe8d\x17\xe0\xe2Q\xa8\xe7\xb5[V?\
!\x9b\xb4\xe1\x12\x90\xac\x08/1 <\x06\x9d\xb9\x10\
\xf3\x94\x8f\xde7\xd3\xf6\x1a\x84\xa3\xeb\xdb[F*E\
\x03\xeba\x08\x11\x1d\x5c\x90\xc7}\x8dm\xdee1C\
\x1c\x16\xa4\xa4=\x08\x9bc6\xa3\x0f,$\x0f)$\
\xafl\xef\x19\xe8:\x0d0Y\x9a\x84\x16^\xc0\x91\xd7\
\xe4m\xc9dL\x18\xd3Y\xac\x87\x1c\x8c3/$\xfa\
5\xf8U\xb8c@\xf1z\xb5,\x1d\x1c\xc0u\x5cG\
\x80\x8f=M\xc5\x10(]\x12\xda\xec\x1e\xa9\x16\x81\x1a\
\xf4\xe3\x1f\x87\x14Q\xcep[n\x8ahXb\xa2*\
W\x86*\x017@\x88\x91\x17@\xfa\x0a\xec\x04n\x09\
/\x92M\xd5\x5cx\xdf\x134\x8a\xf4\x19\x0bQ\xf4M\
+\xa5\xbf\xc4]\xe5\x00kS\xab\xdf\xd8\xe2\x12\xc1\x9b\
\xf5\x8a\xa5/\xfaO\x80\x1d&\xc0\x07|l\xcbp\xc7\
aXc\x82\x8d5\xd5\xd4\x1e\x1a\x05]\xd5_\xf7b\
+\xe6\x83\x9dT\x98\x81=\x1e\xa0*i~\x91\x9e\x9c\
\xab\x82v#\xc7uP\x8e\x03M\xc8\xa3\xfc\x8c\x1c\xd6\
\x17\x17Z\xee\x98F\xc8}*\x0e\xd8\x5c\xff\x1eB\xeb\
/\x9e#g\xe9\x86\x88\xd1\xac\xc6\x9d\x9c\x09]\xbe\x90\
\x1a\xb38\x80\x18C\xbd\x88\x1d\x98\xbd\x16\x95\x84P\x0d\
[L\xf9a\xafA\x93|Q\xdb\xdd\xc2\x89\xc8\xdb\xa0\
\x13+k\xd8\xfa\xa5~\x9e\xe1\xfd\xf0J\xb9X1\xbc\
\x85\xe2\xde\x00\xa5\xda\x19\x8bX\x80\x9eh\x08\xee\xf7\xa8\
\xc6\xbe\xf1w\x5c\x8co3\x85\xf8P\x00_\xc4\x02f\
\xdd\x94\x9e\xd8\x86Z\xdc_~GocE\xc6\xb8\xb0\
]w\xb3\x18\xb9O\xc8\x10\x0c\x00\xe5\xd1h\xfd\xdfS\
/\xfa\x1c\xae\x8a\xfe\xd1\xc5\xdf*\x5cX)\x8b\xb3\xa8\
\xbe\xf0\xdcf\x82o\x84\xbd\xf4S5\x5c\x87j\x09Y\
6\x7fd\xd2\xe3\x87^\xb1\xd6`A`s3\x89q\
/\xeb\x0f\xd1\xd4\x93\xc6\xf57O\x13\xdf\xe1\x00`\xba\
k\x22,\xa6(\xc7\xb6f\x82Q\x8ar\xb7<\xb8\xef\
\x0d;k\x1f\xc3x_\xf6ja\x88\x9e\xe9,\xa6t\
\x97\x8b)\xe5}\x88\x12}9&U\xa0{E\x08\xd5\
K\xc3\x05\xa0\xb7u\x04qy\xfbb\xda\xd3&\x0f#\
\xdc\x1f\x9c\x14\xd1\x8b/\xa2\x04\x5c\x071\xb8|96\
\xe76\x0f&\x9aB\xf3<4\xfe\xfc4\x1c\x13\x0b\xb9\
J\x5c\x9dB\xbc\x84\xca\xfc\xad,[\xd7\x98W>\xa4\
\xf6+\x5c\x8f:\xe6\x0bX,c\x8d\xd8\xf2\xef\xc8\x86\
\x0bW\xeb{#\xdfQ)\xb6\xf4B\xf7\xd5\x0b\xca\x8e\
\xb8\x8esvO/\x15'\xba\xda\x03\xf2)\xb0/s\
}\x81\xc7\xe2\xc4\xcb\xac\x0f\x92\x16\x98\x86\x1a\xe0e\xf0\
\xff`\xd2w$\x84\x89}\x91\xa9\x1b\xff\xc5\xcd\xd9\x0d\
S<\xc8ol\x82Cs\x05\xaf_L\xd4\xf6\xcao\
\xa5\xd4[\xc1\xcb1\x01\xf8\x0b\x7f\x97\x06f\xa1a)\
\xde\xc5u\xfa\x8f\x03\x83W\x99|\xf1\xc4\xf5\x1c\x81\x97\
\x97b)\xa7\xf7\xc3u\xb0\xd3\xfc\x7f\x88\xf8\xd7\xe6>\
H\xbd86\xffC\xfd\xc7\xf4\xdd|\x99b\xe5U\xe7\
\xb4:\x01\xc7w\xa3~\x09\x9f'Q\xbd\xdf|\x8fb\
\x82\x1cn<\x13\xbb\x0fl~\x8d\xa4\xce7z\xc5\xe1\
\xefd8o.h\x84\xcf\x14f\xccq+\xd8\xcf\xd9\
bd\xbd\xf0\x07<k\x22`F\xe8&h\x8dh\xa4\
\xd5kL\xdb\xfaC\xd57\xda\xb2\x1e\xab\x05T5]\
 \xcd\x03\xd0\xe3\x05m\xe7f\xf3\xaa\xf7\xd9\x0d\x8e\xc2\
n\xbe \xe0\xd1\x9d\xfd\xaf\xef;\x0aO\xa2\xefL\xbe\
F\x1c\x02]\xd7\xf7\x9f\xdf\xf1o\xac\xff\x8bc\xb8\x80\
\xfb\xbeS\x80\xce\x8e\xdeN\xd1\xff}Fa\x94V\x98\
I\x1bA\x1f\x1e\xec\x85 \x1a\x07zZ\xa1\x97\xef\xbd\
\x13\x93\xff\x97\xb1\x81\xe3\xe1\x1d\x9b\xbe_\x88Y\xfa\xb7\
]v'\xb5y\xb3X79\x1b\xac\xd0M\x06^}\
G\x8a\xa0\x1dU7\xde\xe8\xee?~\x02\xa3u\x18\xe7\
\xb0\xec\xecmX\xb3\x91\xbc\xed%9\xa3O4\x22\xe9\
^L\xf2:\xcf\xfb\xd7x\xda\xb7\xc7\xa2N\xf4\xf0\x0f\
\xef\x80#P\x95\x5c\x05VG\x9f0c:\x03x\xf9\
i\xd3\xec/\x94\x92\xfd@\x8b\x01\xe7\xc5\x04z\x1c\xd8\
/\xa8z\xa5\xbc\x07\x0c\x9f\xc3j\xa5\x1d\xb4\x1f\x1f\xf7\
\xdb\xb5\xec\x1b\xe1\x01\xaa\x0d^\x80\x9d\xe6\xd73\xc8e\
_\x8e\xf4>\x95%\xf0\xb6_`\xcf\xff\xees\xf4\x9e\
\x22\xad\x1d\xe4\xdd\xd4\xe5[\xf7b\xd5\x83\x1e\xfd\x05+\
\xbb\xd1V\xfc\x8b\x1c\xffQM\xd6\xdc\xf0\x8c=\x02\xf4\
G\xf0\x87\x1d0\x1c\xa0\x0c9x\xb8\x835\x1f\xcb\x8f\
\x85;o\xf2A,|\x14\x07\xd43j;\xaf\x0a\xff\
\xc2\xd0\x01\x1d&\xbd+~\x0a\xb2;6\x9cX\xea\x9f\
\xba:\xe0F\xf8\xfbxp^F\x0d\xd6S|\xa7\xbf\
\x0ao\xdet\xff\x9bol\xc6\xb5\x91l\x8e9\xf72\
\xf9\x07\xce\xa1>\xba\x9e4\x03\x92+\xb8S\xdd\x10\xea\
,\xb5\x0f\xcf\x97+\xbb\x06\x0cN\xcb2\xfd$\xe1\x8c\
\x92\xaaC\xce\xb8z\xb9\xd5\xe5\x7f\xae\xda\xed\xc6\xa1\xe1\
M\x0e@\xbc[\xa2\xdd\xf4\xed\x97\xd5\x93m\x83?r\
\xbe\xd7\xc6\x09\xd1\xe9\x08\xbe\xc25\xb8\xfcf/\x08\xdf\
\x93\x22H\xfb`\xb9\x15\x07g\x5c\x0e\xd0?\xdfSN\
k\x17\xfa\x07\x889v\xb0{\xbc\x07\xf6\xbb\x94x\xd3\
\xb5T\x8a\xfeYT\xaa%\xb1\xeb\x88NH\xa3\xcby\
\xf1\xdfd \xf7g\x98\xb1\xf09\xe4\x09\xaa\x03\xcc\x82\
\x196\x1c\xcf\xa0~@9W^\xe5\x80\xabh\xa3O\
\xaa\x8c8g\xae\x97\xdf46\xf4?\x0a@0p1\
t\x84%ju\xc0\xf4E\x80\x85\xcf\xcf\x05\x7fAL\
\x1e\x5c\xcb\xc8\xcf{\xe0U)\xce\xad\xf81okL\
\xfd\xabG8\xe9S\xe2t\x00C]\xb4I^Rz\
\xb0\xca}_\xab3\xe9\xfd}\xe3u\x00\xa6fn\x85\
G>f5\xe25&\xab\x8d~$\xca\xdc\x04V\x13\
\x18\xe4H\x80\xfc7\x96g\x9a\xady\xb0\x9e\xc8\xb3\xe7\
\xe1ZZ\xed\xb8\xc0\xd1e\xc4\x10R^8.Rn\
\x0e\x10\xe9\xaf\x92\xcf\xd1\xef\xf0?\xe7\x17\xb2\x8e.\x0b\
\xa5_\x96&\x0b\xa0\xfch\xf5\x18\x8d'\xf1\xf2\x03=\
=b$\x1e\xb8\x8dE\xc4\x9a\x9e-3.\x1f\x9b\xcd\
\x07u\xf9\x02w\xdf\xcd\x0e\xf4\x03k\xa5 \x0c`\x18\
\xce\x8b]qs\xe3\xed\xb1\xdf7\x9f6\xbc\xff\x7fH\
\x01\x8e\x0b\x94\xb6\xe0\xec\x0exv\xcb\xddO`\x83\xd0\
\xb9\xf9\x1f4\xf1I\xc0\x9d7n\xb3\x9b\xe5\xbfw|\
\x9a,\x9f\x8d\xb6Y\xa5\xf3\x8d\xf5b=\xb0~OC\
\xa9\xde\xb5\xf3\x97f\x96\xe2\x0e8\xc7\xc0h\xab\xf00\
d\xceO\x85\xff\x11\x06\x02\x7f\x0e>\xd5\xad\x01\xe2\x13\
'\xd8{g05\xf8#\x06\xda#\x7fF\xce\xbd\x8f\
;\xe8\xdf\xe0\xf6\xb4A'\xd4q\xf1\xad\xc8\xbc\xa0d\
\xbfJc\xf7w\xc6#\xc427=\x9f^\xca\x9d\xd8\
\xa0w\x7f1;\xd3`(0\x8d\x1f\xec]\x0f\xcc\x7f\
\x1fL\x1e\xf3\xe6\x87\x99\xcc)7&^\x1fB\x96\xf5\
\x11s\xfbU\xf1\x00\xf2o\x5c\x05.\xf0\x12\x97E\xd5\
?D_3iw\xe0\xfeG\xae\xab/\xad\x94\x9c<\
\xb2\x14>\xe0\xc4\xdb\x14\xdal,q\xa7\x97g\xa9\xbf\
\xc7o\xa9\xc2&\x1c\x00v\xd7xO$B\x0b\x8d@\
\x94\x85\xff\xf9\xb9\xb4\xc3\xb1\xbf\xaf\xd7\xb9\x1b\x91\x1a^\
\x9c\x03\xe0\xfb\x80\xd8\xac;\x92q\xcd\x83\xed\x05K/\
\x9e\xa8\xd7\x5c6\xf9\x8c\xff`*\xf2\xc5\xf3=\x0b6\
\x22\x85\x85\x22\xff\xb5N\xf0@\xb2\xb7\xcfM`\x1e\xad\
\xd0\x8fw\xd0<C\xaf\xf3O\xe6\xec\xab=\xf2\x85#\
}A\xd1\x1b)a\xb7)`!\xc1\x0b7+L\x02\
`O\xcd\xea\x8b,\xa3\xc6\x9c7\x81\x1c\x9f{\x15n\
\x17\xbc\x8d\xa6G\xa1QQ\x07\xf7\xb3(\x07\xae\xb0Z\
\xeb\xf5}\x14\x0a\x85\xd1l\xee\xd1\x8f\xb9[\xe1\xe6\xc0\
_\xc8\xe4 \xa4S\x01\xbb\xc8\xb8/\xfd\x02\xff\x02\xff\
\x02n\x13\xb2^\x80w\x14\x04\xbbe\xac\xc7Q\xa5Q\
'\x18\x07B^U8.\xae8@\xe3\x05'\xc4:\
\x81LX\x81\xde\x09\x04\x08\xdf\x18\x11\x08\x1d#M\x9b\
\x81\x05-\x8e\xd0\x8f\xf5\xcfw\xbb\xb3\xce\xfbD\xf6@\
f\xd4\xbcQ\xd89\xa0\x22[\x0ae\xed}4\x14\xb1\
\xc9\xfb \xfa\x83\x89\xc3W\x02\xc6\xaa\xfd\x1b\x9e@T\
fw\x88\x08\x0d\xd0Y`\xc3\x87\x82\x90O2s\x8b\
\x9d\xe01\xc3v\xb8\x15o7k\xd86\xe7\xbemE\
\x8c\x1dEL\x9cw\xd3\xda\x02\x15\xc8\x83\xb1\x22\x8c\xe6\
g\xc4j\x08\xc6r\xe7\x1cp\x84YP\xe2\xc2\xdf\x01\
\x19)t\x14/\xdf\xfa\x8d\x01\x8b\x9c\x99\x03`\xecm\
\x12{\x0b\x87\x1a\x12\xd7\x10h\x9c\x10\xab\x055cJ\
u\x22Dj\xd01\xc4a\xcaS\x01\xbd\xc0\x06\xe3\xe7\
d\xd0\xfck\xcc\xcd\xa7\xd5m\x8b\xaa\xc0[l\xaf\x02\
\xd1\x02a\x8d\x13\x1f\xe3\x86\xa8\xa4\x1a$f\xcd\x01\x8f\
\x0e\xa2\x8fy\x13\x83\xf5\xdf\x8c\x14\x9f\xfdYz\xba\xa5\
\xad\xf7s\x00\xa0\x04o\xad}\x0d\x04\xee6\xde\x08\xc5\
\xff\xe2\xe5Z\xcby\xa0\xe3\xab\xd8\xac|\xa9\xee\x5cw\
\xf6\x19l\x1c\xd8\xf0^\xb1\xdfEG{R\x9a)\xed\
R\xa5\xe9\xdc,\x88\x91jD5\xce\xe9v\xe8X\xf3\
\xaff\xb9o\x93\xc8c[&\xd1y~\xef\xce\xad%\
\x8b\xb5\xc6|\xc9\xeef\xf06|\x026q)\x95f\
\xec\x8e\x01\xe7\x07G\x83\x8d\xcf\x03v%V\x02\xd0!\
f\x96\xcb\x0c:\x82\xd1\xf8\x9eI\x16\xc6\xa2\x8f\x16o\
\x19\x1e\x0d\x03\xacv\xee\xf5vO\xca\x1d\xb1\xf1P\xa4\
\xc3\xe6g\x83\x9c\x9e1\x0c\x89\xc6\xd5\x06\xc6\x8d\x80X\
\x0ez\xfd\xb7\xb2\xf0\xc2\xbcL\x83\x184\x0fj\xa4\x91\
\xf0@\xc1\xfd\xbe8\x81#\x87!\x8f\xf59\x22\x8c\xb1\
\xed\xbe\x18\xc1\x09o\x98\x5c\xd8\xc9dy\x00\x98@\x12\
4b?\x11\xa8W\xa2ro\x9f\x17\xd7\x01z\xf1!\
\x8d\x19\x00\x80\xbc5\x5c\xf3\x0f^\xb8sh\xad\xd2>\
f\xc3e\x91\xcf\x1e]]\x17)\xe0}\xe9\x82\xff{\
W\xc1\xab\xfe\xfb-;\x9fR(\xb3L\x5c/\x06\xa0\
\xc7\xcc\xfc\xac\x8fXD\xad\x82e\xde{G!\x86\x02\
\x8f\xb7\xc2\xcc<\x00\xa9|\x5c\xac\xd7\xdf\x9a\xdf/\xce\
0\x19\xe3A\xf3\xb1d\xa4\x07r\x1dR\x80\x0e\x93\x06\
\x15l\x91\xd4\x83\x1d\xb8\xe0|-\x95\xd9O\x99Q\xa7\
\xb5\xdct\x82\xde\xabw\x81KF\xf7\xa1LU\xdem\
?\x02n|\xdek'\xa1\xbb\x96`\xac\xbb\xb1\x9de\
\xf8\xac\xe1\xf9\xae\x1c\x84\x0f\x8b(\xf2\xcd\xbb0\x8f\xdb\
<\xd7H\xbd\x12A}w\xef\xc2\x87Gp\x92\xf8\x0e\
2\xce\x17\xbc%X\x84\xe0\xf4\x98@v\xfb\xd9-\xf6\
\x7f\x1d@\x82\x1f@z`\xaf\xe3>RlYy\x86\
~\xcb\xfe{p\x06 0\x895\xde\x1ac\xf34\xae\
\xf3\xf6\x0b\xf9\x80\xb5dr\xef\x85\xe0\x02|\x18\xe3\xab\
a\x9a\xaf\xecR\xf0\xe0\xfe.!\xe3\xf7\x81\x8bH\xef\
\x17\xe0v\xc5\xcdv\xb2\x84\xefiPl6`\xf1\xd5\
\xaf\xf8yp\xd7j\xb0\x188\xbc\x0blh\x03W\xc2\
BW_\xcek\x81c\x05\x87\xe4\x18c\xd4\x15\x84\x96\
\xf00<K\xc4\x95\xf0\x18\xbb\xaa@X\xb5(\xda\xcd\
1z!7\x0f:]{ao\xec\xf6\x91\xf8f\x10\
\xfd\xe8\xa3\xf3\xcf\x00\xd4\x81\x8f\x1a\xaa\xac*L\x81\x11\
\xaa\xfa\xa0\xb7EC\xcd\x87\x1b\x97%0z\x13\xa28\
_{\x9fX\xb1\x81*j*\xad\xc0b\x11\xd3l\xf8\
\xe6m\xaa\xda\xde(\x8fE\x12\x82\x1f\xdf\xa6\xa2q:\
\x17\xc5\x95X\x81a\x01S\x95{#\xf44Ss$\
\x86\x0cy\xe9B\x1352?\x13\x83L#9\x13?\
\xa4\xef\xe8\x10\xf6129Ar#\x92\x06\x81\xfc\xcc\
\x13:\xd3'q\x86\xc90\xb3h\xee\x84d\xa5\xe1C\
!j2\x10\xf2\x8f\xf5\xc6$\xf2P\xea\x80\x19\x18\xc2\
\xe9c\xd2A\x92\x82\xca\xdf)\x1b\xfcl\x18g\xd2(\
\xdd%\x0b\xa6\xf9\xa0\xb8\x10F\x92<$!<\x13\x22\
\x91\xa2>\x18_s\xf5\xf6H\xd2\xc2$`\x86\xb0\xfe\
h\xf0G\x91]\x8a7\xa2\xa3\x05\x8f\x0aE\x7f4\x1e\
s\x8d>@\x87L\x90\xc8_z\xa0\xe1\xa1\x81\x90\x07\
\xaa\xd1\x92\xfb\xadM\x10\xa8\x09)\x19\xde\xf1\xd2\x13\xf1\
A\x06\xb1\xf5\xe8\x80sBG\xc7\xa3\x05\x93\x1fT \
\xc5\xf3\xac\x11\x9f\xc6\x8a\xed\xbbc\xa5/.\xda\xbc\x1f\
L\xadZ\xef\xeb\x98\x0d\x0e\xf9iSx\x19\xa8Wd\
]\xdf\xdd9\xfaT\x016|a\xbf\x15z\xd5\xfa1\
Mh_$\x98\xa3\x07\x0d\xe1\x1d\xb5L\xb1<{\x19\
\xb16I\x0c\x08aO\xd5\x0f\x1fu\xfdP\x9f\x0b\x9e\
\xb3\xc2\x0f\x91\x19\x04\x81!i<U\x22\xae\x8e\xd1\x03\
\x15h\xcc\xf9\xea{\xc5\x0ea\x8b\x04\xa6l\xfe\xf2\x03\
\xcc@\xd4\xb8Q\x7f\xd0\x8d\x0c'\xc5H`\xbf\xe6d\
\xc3$\xd0h\xf5}\xeaF$y}\x9a~/E\x93\
\x99V\x86\xa7\xf4\x8bP\x90`\x0d+\xb8\x8b\x88B\x17\
%\xf0\xf1\x09\xfc\x1cxQ\xfe\xa9#a\x84N\x07m\
\xd8-\xd9\x0fh\xb2\xde\xde\xf0\x88\x8e\x99\x17zP\x09\
6\xd2\xfa\xb6\xdb\x10\xd5\xd0\xe1\xa5\x8f\x1f\x8b'\xf7=\
jg\x94\xfa\x0eT(\x008\xa8A\x13\x0cb\xe0\xe3\
i\xc2\xf2\xbeKn\xfa\xea\xb5Z}\xaf\xd0\xd4\xff \
\xa81\xc4@\xf2G\xb3\xf2-\xe4A\x1a?\x0bx\xa0\
B1r\x04\xee\x15\x17\x8d\xe9\x16_3\xa8\xe6\x86\xfd\
@\x8e\x06\xe3CL\xb5\xae\x09\xdb\xfb\x0eI\xd8\xbeG\
[A\x89\x97\x0fV\xfa\x22\x8a\xa0IT\x04>\xe2\xea\
e/\x85\xe9\xa9\xb45\x88\xe9\x91\x17\xf0\xf8\xed\x17\xb7\
\x1d<\x11X\x98\x9a'2\x11A\x88N\x9d\x07\x9f\x05\
9>;\xc3sA\xc6\xcb\x8e\x1c(\xa3\xcae\x00\x07\
?|\x18\xec\xf8,\xcdx\xa6\xed5\xc2z\xc8n\xd5\
v\xc9\x89\x94\x9c\xe2\x1f\x18\x1a\xbb\x9e\xb8\xe7&\xf4\xda\
\x1c\xa1\x9f\x0aC\xbe[t\xf5\x03\xc8x\xf1i\xf0c\
h\x02\x11\x1fL\x18\x8bV\xefE\xdar\xd3\xa2\x84\x07\
\xb0\x05\x0f_\xe3C9\xd5\xc2\x89\xfe\xf0\xd6\xda\xcd\x1c\
\x86\xaa)\xd6d\x0e\x1e\x08\x19\xaf\xba\xff\xd0\xb5(\x9f\
\xe8\xfex\x0cs\xbc\xb5\x0b\xf3\x82/l\x02\x00DQ\
\x15\xc0\xc1\xb4\xf6@\x93T\xf6>_\x81\x7f\xe4F\xc2\
*\xf0\xf2\x8b\xce\x14>\x06\xe8\xea=\x0f\xc9;\x86\xcc\
2?Vo\x82I\xade\xa0\x12\xd5\xdb6\xa2\xb3[\
\x13\xf45Go\x8c\x1f%X\xd94\xc7\xe2u\xa2\xd8\
\xde\x85\xd8\xd8(m\xc2S\xdd\x0b\xf9\x94QT]\x0c\
\xb0M\xd1ke\xa3\xf2\x18\x8f\x9cvm\x84\xbef\x09\
\xed\xc9b\x83\x7f\x14g\xe2\xa3\x06-\xa7\x0eH\x06\xf0\
\xa7\xe7\x9d\xf9\xa9>\x1f<\x9b&r\x96\x04\xa7\xf8N\
\x04\x80\xfa\xe4\xb1\x04\x7f$\xd7\xf8Q\x84B4m\x92\
\xccBD\xd9 \x95Q\x1d\x98|-\xcc\xcd\xdb\x91O\
\xa3\xf0h\x08}\x11>\x0a/\x93T'\xbd\x1a\xcf\x83\
u\xf7\x92\xef\xa1#w\x87\xa2\xb4\x08X\xc29K\xee\
\x10O\xe4\xab\x05\xf8\xa8\xf6@h\x10>\xe9\xae\xc5G\
%\xc8\x9c\x1a\x14\xf2C\xe8\x09\x1f&O)\x18'\x88\
\xe1y\xaa\xc0J\xcd\x87\xe1i\x9aK\xf1\xed\xa0\xd2\xe3\
\xf1\x09h\x05\xaepr\xf3s\xd6\xe0\x93\xecV|T\
a\xe6\x95Y\x84 i\xf5\x04\x1f_\x96\x18\xc4j\x81\
\xe6\xd2\x9d\x8b\xd7\xa1z\x93a\x86\x0d\xa0J\x8e\x89\x8e\
\x05\xea\x91\x0d\xaa8,7\xfc:f\x04\x90\x04\xcc\xbf\
<J\x7f\x13\xf5\xfe\x1f\xb4\x07\x8f\x84\xd7\xe2\xa1\xae\x1a\
d\xbe\x1b\x86\x1c\xcf\x80\xd1\xf1G\xcc\xd8!\xe1\x85T\
*x(\x9c}\x9fE\x00\xbb\x1f}\xe2\xf6\xe4\xed\xb1\
(\xb1{'E\x0c\xfc\xe5\xe4\x82\x87\x81\x83\xc2\x83p\
\xe1\xe1\x15\x94P\xf1k\x8a:\x1e\x8bAfT \xe5\
\x03\x995X\x22X%g\xaac\x81\xe3\xc4\xa6\xe2\xc2\
<\xcc\x0e\xd3\x19Q\xc7\xd7\x8b\xfd\xae*\x9bOP\xc0\
\xe8c\x80\xc8z*\x98\xeaT)k_\xe5\x88\xde\xf7\
\xf8\x01\xe13\xac\x08\xf1x\x1cf<\x96a\xe6\x90\x99\
\xf2\xd7[\xbdx\x88\xfa\x00\xe6az*\xc2\xcc'>\
\x1co\xbdj\xe5JC\x82\xc6\x14\xe0,\xa1\xdf@\x86\
\x01\xba\x18A\xa7\xca\xa5\xb8\x8dd\x22x\x1208\xbc\
\xdd\x06\x1aO\xd5\xe4\xc7\xc3\xef/\xe7\xbc?c\x859\
Qp\xde\x1b\xa2\x1f\xf3\xdf/~vI\xa2\xa1\xea\xdd\
f\xe3\xefr\xaf\x08\x00@\xe4\xd4\xa7\xe3\xa9o\x07\xd4\
\x16\xa9mD\x8c\xd1G\xb9\x94w\x8e\x19\x1d\x1d\x13\x96\
\xe0\x92dy\xb7u\xde\x93]\xf4\xde\xf0\xf4\xe7c~\
\xd4s\xc5\xfe\x93\x01\x1eQ|:\x9e\xcb\x0e9\x1bU\
p+\xd6y(\x04\x957O\xeb\x07\x91 s\xce]\
w\xae\x8d\x84\x86\xb7\xe2!\x01&\xad\xd7G\xb2{\xbc\
\xc1vc`\xc6]Bxp\xf8\xee$}\x94\x02\xcd\
\x9e0\xc1\xefu\x0b\xa6)\xbb\xa5\x90\xcf\xb94\xe4\x7f\
R\x90Y\xe3\x94~\x0a\xdf\x19\x1c\xa8\xf6\xfb\x01~I\
@t\xc9\xfa\x8a\x09Q\xdb\x22\xd1[\x08S\xb7\x10\x96\
\x02\x1d\xab\xb9o\xd0\x85\x84$\x89Bi\xd6#\xe5r\
\x8c\x06\x04\xb7\xe6\xe7\xcbx+\x9c\x06)_\x1b\xb3\xf3\
\x10v\xccz\xe3.\x03\x7f!\xceNm\xf0\xc2\x83U\
\x82\x9c,\xba!/s\x14\x96\x8d'\xe9\xc1`\xecb\
\x1a\xe9%\x91*\xb8d\x16\xf0-1\x08`\x19\xa0\xdf\
\x82\xab\xa19f\x95\x06B\x9cu\xb7\xe3\xb7\xdb\xed\x17\
(P ,,\xac\x9a\xed>R\x97\x02\x9a\x9d\xa8?\
\xe4\xdc\xa2\xcb\xf17A\xe6\x97!C\xc6\x8f\xc7\xe3+\
\x96\xfb@Qt\xff\xa5g)\x22F\xcbn\x07\x0d\x0d\
\xcd[YY\xbd\x9c\x9c\xdc\x07\x06\x06~\x84\x08\x11\xfe\
\xc3\x87\x0f%J\x94\xf8\x0b\x17.|\x82\x04\x09\x9e\x0b\
\xc6y#\xaf=K\x1e)\xc4\x03Vn-\xd4~\xc2\
;\xdf\xd3\xb4\xf6Yq4\xaa\xd0#^\x86\xc6J\xdb\
\xccU\x00\xc83\x99\x01\xf0d\xa8\xb8\xbf\x11\xeaz\x99\
\xb1\xd4\xc3\xdc\x94\xff+C\xfe\x87\xa9!J\xfa\x9a\x1f\
\xac\x1f3\xa9\xbd\x919\xc1W\xb5\xb1x\xaf>L\x9a\
\xf1\xd4\x17\x0af~\xd2\xbc\x93\xd0\x00x'\xf7\x88\x9f\
\x82s\xf1Yy?\xa2\xce4\x5c\x83\xb4\xcer\x0a<\
<\xea0B\xf3\x93\xf58\xe5\xb2\xef\x89\x82SJ\xbb\
\xf0Pk\x8d\x7fe\x87c,O\xc8\xb7\xc7Lh\xbf\
5CS\x7fS4\xf6<Mj\xffcU\xe0\xcbb\
\x0e\xcaZ\x82O\xf9v\x82\x00\xd0\x1b\xa3\xb1\xd7\xe2\x0b\
\x12\xe6u'\xb9D\x06\x178\x01RGI\xed\xb3\xf4\
\xfe\x12E\xa6Xm/B\xbdTu3\xb4\xf4\x80\xe4\
\x94\xcd\x96~\xc6\xc7\xeaw\x94\xd6\xff\xd4\x1e!\xceY\
z7\xb8\xab\xd6\x1ff\xe6\x0fq\x01\xfe\x8bu\x98\xde\
\x8a\xae\x86\x11W\x8f~\x83\xb4\xb5.`\xb8A\x05\x8f\
\xcd)\xa3:I\xe8=\xad\xb1D\xec6\xfcOn\x12\
[w=p\x8a\xb0\xceu\x84\x17\x1aqh>\xe9R\
\xfdo\x8d\xd0\xd3\x9b\xc4Z\xb6+\xf3Vu6l\x82\
\xb8>\x90<u\x16'8\xa1F\x96\xd4\xec\xcf\x87i\
\x84\xb8\x1eG\xe9\xfcc*\xb9\x07\xe2\xfa{\x222\x07\
\xffLl&^\xea\xcaoRh\xeb@\x91L\x8fT\
\xa6R\x19\x85\x12:2\xaf\x90j\xbf4\xef\xa5\x01\xa2\
)\xfaz\x9d\xa7\xf7\xf7\x5c\xdd=PW \xd3[\xe3\
K\xe5\xe5\xf8\xab\x03\x95\x9aO\x13\x84\x84+d\x0e\xdc\
\x9b\x9c\xef\xf04\x89\xb9\x1d\x88 b\xc6%\x13-\xa9\
\xdb\xafNOPX\x827BW\xf8$\xb5\x10-~\
\xea*\x10\xf3j/\xf2\xbb1=\xe9)\xb9\x175@\
y\x0dR\xe8 2%\xb4;C\x9e\x19\xe2\xfa\x9b%\
\xf4\xf3T\xcd=\xb9\xeb\xc0\x0f\x99A\xf82[\x03T\
\x01\x1b_u\x80R\x13\xea\xed1NgI\xb3\x1c\xc6\
\xa3\xcb5\xfbZ\xb0\xcd{m\x86^LS\x16\xfb\x1c\
\xa8\xf7\x8f\xb3\xf0\xfe'\x8c\xf0\x89\xd0\x14\xfeh-\xc4\
\x13\xdc\xe3\xef8\xbd\x7f\x0b\x83\xf3Rv4\x8a\xc4\x0c\
\x7fb\x10\x18s\x90\x85\xc7\x83\xf4\xeb\xbd\x19z\xa0\xb2\
\x06_\xc4\xc6\xf0Ho&\xbe\xa9\x80\x8c\x97\x02\x0cR\
\xd5\x17\xf9A`\x9cr\x0c\x99J\xb3\x86\x88\xd2\xaa\xc5\
\xea\x93\xe4\x0a\xe7\x90i~\xd2\x1b\xc4\xdb\x1c\x91m?\
\x10\x8d5\xa8\xda\xeb\xf1\xda\xbeL)\xb8\x1e\xaf\x03_\
n\x131)U\xe0\xc6\xfbd\xe5=W\xbc\x13\xc9\xb6\
}\xdb\xc2\xbc\x94\x9e\x8e\xf29\x8c*\xa8\x143\xef\xe9\
\x1a)\xa9\x00\x08\x00\x00\x04\x00s\x93\xa0\x00\x00\x80\x81\
`\xd0\xc8L\x22YE\xd5\x074\xe9\xa1G``#\
\x01\x00\x00b\x00\x100\x00\x80\x81A\x00\x10t\x00\x01\
\x00\x0c@\x00\x04\x00\x008@\x08\x82Fa\xf10R\
S;\x8bqD\x9c\xb7\x9f`er\xa5\xa7B6}\
!<\xdc\xcd\xfb\x1d^\xed\x03[\xbe\x08\x03\x5c\xcf\xdb\
\xe9P\xedP3\xcf]o\xe6\xb03\xba\x17\x909\xc5\
\xecx\x06\xac\x98\xe6zB\xcdU3\x85\x8d\xf5\xf2\x18\
\xe0\xda\x7f\xa3\xc7\x17\xa6\xeb\x05O\xb3\x87w\x8a\x86@\
\x10\xa1o\xff\xe7\xd7\x93\x93\x15\x9fS\x0fw\x18\xcb0\
5\x03Z4V\x5c\xbc<\x9dR8\xc6\xac\xdf\xdaC\
\xcb\xe7\x111^\xed\x92\xc8\x17t\x10\xb7\x9dH\xa4\xd8\
\x8b\xb7\xd53\xf1\x01\xc1\x00\xe6/L\xdc\x01\xec\xfc\xb2\
v\xcb)\xb4E\xba\xd1)\xc8\xc9'D\xdb\xfe\xaf|\
Mv>0V\xf8_m2\xf5{L\x9be\xad\xc0\
\x22-\x8e\x19\xf4\xf1w\x80\xb8\xf2\x0bBp\x80\x8b~\
\xc1\x1f\x1c\x11g\xb8\xc3\xbb\xdf\xf2\xf1L\x9e p\x1e\
&\xfaT\x0aN-L\xb6s\x22b\x7f\x01\x10\x02\x7f\
\x0f\xfc\x0b\xb7*y\x12\xa7\x02\x18p\xb24B\x98\x8f\
g\x98\x9b\x86\xf0\x82]\xffZ^\xac.\xb70\x8d\xbe\
\x10}/p\xc2s\x1c`\xb9\xc3\x08#\x99*\x05\xfe\
\xd0\xdc\xc3\xf4o\x0c\xec6/\x92\xf3\x914|\x81\xb3\
^0`\xcf\xe9\xc5Z\xcd\x7fF\xfc@f\xb8\x99A\
\x18`\xfcxN\xebG\xbb\x9a\xf8<P:\xbde\xcc\
O\x06A\xcf\x10\xa0Wr\xecP\xdb\x85o5\xf5\xf1\
\x02:\xd9\xee\xfc\xafa\x7f\xda-W,z\x8d=C\
\x1358i\xec\x0d\xbe\xbb=\x0a\xed\xe7\xb8#\x02\xec\
\x02\xe7\x94\xe8\x7fAm\xe5\xc5\xc0\x9e\xc58\xb6\x82\xac\
p\xa2\xe2\xf6\xb4\x97\xb6\xe8\x19\xd6\xbf\xabP\xb4\xb7;\
\xde\xdf\xe4\xc2_8\xaeB/\xa7^\xbe\xb4\xf4\xedu\
\x15\xac\x8e\xd8R\xeb7<yDQ\xd1\x83\xe4\x99;\
\x1d\x91i)|\xc1\xfd\x0b\xa32\xf8~\xfe\x9e4\xe4\
\x03\x96x\x1b{0c\x9f+C]\xf4/\xd2\x9b|\
\x01\xa7\x0dv\xc3\x98c?\x17\x93\x03\x22|+\xfa\xd5\
{h\xf8g\xdeo\x16\xb8=\xa7\xcdv\x85\x09\x04l\
/\x9c|\x12z\x05\x9e\x8f\xec\xa0\x94\x94rz\xe3;\
)l\x0f0`\x87zi\xa1x\xd1\xd7\x0a\xe9\xda\x08\
\xd5\x17\x9c\x17\x91\x8c=\x93\xea\x046\x1cx\xb8Po\
\x80\x0e\x97\xb0\xe2\xe1!\x0c\x18\x0c\xef\xb9\xfeIi\x93\
\xf6P[\xb6\x83\x15\x1f0\xcd0\x88\xc7\x5c`W4\
\x83H\xba\x7f\xd2\xe3\xb5y@vu\xbd\xbd\x1f\xdbG\
\xd3\xcay\x10\x1c\x02$\x81\xed|d\xa7\xe8\xf0\xa1\xa6\
\xfa\x0f\xd6\x10\xca3\xe8\x04\x99\xb8'\x9c\xf2\xf9\x02\xf7\
\x12\xa9\x11]\xb2\xdaSnh\x1c\x06\xc6\xcc\xf7\x8f\xf9\
L\xee\xf3\xbc\xb6\x94\x9f\x97\xd6\xb6\xb0\xb6s\x7fL\xab\
\xc1\xa9r\xf338|\xd09\xad{\x83\x01w|I\
\x15?\xe4/+\xfa\xc2\xef\xf0\xc8\xb6\xab=@\xaf\xf8\
\xa5/\xfd\x5c\x1b\xc3\xb7\xa8tzN\x5c\x0f\xdd\xef^\
.5\xaa\xef\xa2?j\xece\xfd,\xbd\xe0?'\xa9\
\x99(\xa8NW#\xfe\xe3\xed\x9e}\x91\xf4\x0b\x90\xef\
0\xd7\x92\xeb\xeb\x9f\x5c\x9b\xb8@\x14c\x86\x83\xd8\xae\
\xf9\x07\xc7?<\xc7:\xae\xdb\xdd\xf6\xbc\xa5\xc2NR\
\xd0MH\xde\xf6/<R\xad\xf7\xb9\xc9\x9f*Z\xbe\
`\xfe8\xe7\xa4\x22\x13(k+\xea\x14\xbaH\xbba\
\x06qd\xf6\x22x\x22\xab\xc1\xa7h\xfd\x88\xe8o\xda\
\xd5\xc7\xfa\x0fC.\xb9\x13id\xfcz\x22\xd8\xeb\x82\
\xb4L\xc78\x03\x88tNC\x91,r\xa3\xd1\xcd=\
\x06<\xf6^\xcf\xdb\x88\xf1\x85\x91\x0c\xba\xff\x1f\xdb\xb6\
2iyI\xf0\x97\xa8~,\xfa\xbf*\x8a\xff\xd4\xfa\
\xd3\xc6\xcd@|a\xe3(o\xa8kh\x19$k#\
$\x95@\x0f\xd1\xdb\xaf\xa2|A\xf8A\xb3AX6\
\x1f3\xed\xf9l\xd9\xf9\xaf\x03z\xf8\xc2\xad\xe7Pg\
\x15:B\x85\xc7\xac\xb6\xcf\xc8\x80M\xca#k\x8dP\
m\x9co@\x837gL\xf3\x85\x81e\xed\xd2\xb9\xbf\
fvOqC\xa1\x0f\xc2\xaa+<\xd1\xf6\x02\x1ax\
A\x97\xcb\xd6\xe8\x0e\xcd\xe6\x19,Sx\x03Sd\x91\
\xba\xa3\xa3\xaf\xf1m\x0e\x15\xf6\x83\x03\xdcK\x17\xbe\x00\
\x9b\xdb7\xa8\xaa~f5\xe3\xfd\xa2\xb1\x01\xf6C\x07\
\x8d\xb1#B\x17\x84\xed\x8b\xf4S)}\x16g\xdf\x11\
\xa81\xc2\xcc\xb4x\x08l\xb4,r\xa6\xff8g\xf9\
\x01_2_\xf0\xab\x19\x16\x06|\xdeL9\xfbR\x8d\
\x0f\xd4\x7f\x1et\xd7|l\xb5\xa1R\xf8\xd3\xf3\xe5\x17\
\x16\xc2\x0b\xd6\x0bU\xf9\x16\xd2\xccy\xca#\xd0\x19W\
\xb6\x0f6L\x9e\x9dA[\x97\xa0\xc1\x1e\x09\xdf\x02\xcc\
|^\xe0\x86\x17\xde!)!;\x08d\x0a:\x81U\
\xb72\xdc\xf9\xc8\xbe\x86\x98\xb3\xb0\x90\xf6\x8dz\x97/\
\xbcc\xcag\xc9\x9d\xef\xf4\xdc%\xfe\x03\x02\xce\x10@\
\xa3\x17\x12\xd8%\x87Tb\x87i\xcf\xe5\xb2\x7f7\x8c\
\x813<o\xb1\xcf\xc5\xaf\x05\xe5\xc9\x82\x09\x04@\xcc\
\x0d\xf0\x82\xd9\xeb\x0b.\x0f\xf9,\xde\xd7X\x9d\xd6e\
\xb9O\x93n\xb1\xc9\xec\xf3\xb2\xc8;QNK\xf53\
04N\xc6\x07F\x99,\xf0\x19\xb4\x9a\x17lE\xd0\
\xda\xfe\xe6)\xea\xbf\xf6\xf3\xc3\xee/\x94\xefH\xa0\xb7\
\xebB\xc9\x0f\xd5<\xcf\xb5\xda\x8d\x9e\xc8\x97\xc3Pw\
\xc4\x16\x5c\xd7q?\xb2Fg\xc6\xf2\xa7\xa0\xc7\x1ah\
\xf6I\xfeX%\x95\xa9 ^\xdf\x5c\xde\x0b\xb1\x0e<\
\xdc\xbf\x1a\xa8\x9f\xb2y~\x05\x02\x17\x98\xb9N$B\
\x01>KwP\xd4B\x9eG\xf1\x03.\xd2\xcf\xd7\x10\
\xfd\xde\x93s*\xe9f\xe6\x81H\x8c\x8f1]\xd3\x17\
*\x01\x16\xf5\xda\x90\x0f\x9fB\xe4\xa0u02v0\
\xf9yok\xd3\xd6+\xb8\xe5\xb5)\xe0rJwM\
kX&?\x86\xcb@\x93J\xba\xc0n@\xc3\x22'\
}\x04\xc3\xb6\xa7\xbe\xe7\x8e\xca\xe6\x05\xff\xdd\x95\xf3\xfc\
\xc9b\x01Fb\x1c\x15`\xb3N\xbf\xde\xc6\xe4a\x12\
N\xd3\xee!\xcd\x05\xfa\x12\x09\xba\xdf\x9b4\xdd\xd8\xfc\
\xe8\xc9Ln\x96S\xd9\x81v\xddYv]\x0e`2\
I:Uz\x9e\xc4\xca\x22a\xb8<Ng\x80l\x1f\
h\xe4\xde\x0c]!O\xc6\xa2\xa4'\x8c\x86\x0b\xaam\
\xf3\x83\x9c\x9b\x9c\xe5\x5c\x8b\xf7\xfcg\x85\xe2\xff\x0f\xbb\
\x01\xbf\xce\x82F\xa4}N\xd6%f\xeb*\xc7\x1c\x00\
\xeef4\x0c\xbb@\x07\xb3,\xf2\x18\x1f\x19\x86?\x80\
~\xf1\x9f\xf5]9z\x01\xc7\xf5_\x07\xee\x97\x1e\x22\
X%\xa2\xa8\xaeH\xbdU\xb5\xe3\xaf\xe6\xa8\xa9\xcb\xe7\
4\x98Y~D\x1a\xf8\x07\xb9\xfb\x0e\xe0\xa2@E\xcf\
\x96\xc5^\xe4\x9c\xc4[\xb6\xba\x1c3{\xe1\xfdy9\
c\x8a\xe4\x0b[^qP\x8f\x1fK\xab\xbf\x9a|\x22\
?)\x06\xce\xe0\x8b\x92\xe1\x03\xad\x94\x09u\xfc\x82\xe2\
\x0f\x93\xe7\x12\xfa\xc2e 9\xb8D\x1d\xa7\xb2\x0b\xf3\
\xb2y\xfe\xe6\xbdL\xe2\xf8\x02d;/|ch<\
:\x14`\xdc\xedi1\xf6\xd5\xc17)YG\x88\xe3\
\xccOJOR9\xe8i\x13\xee\xd0A\xbdHw\x1d\
\xc0\x09\xf6\xaa\x03\x18\x09\xd7\x18\x84\x17\x00\xbd\xffZQ\
\xf5<\x01\xc7\x18G\xe8\xcb\xde\xdb\xf5\xea\xfb\x85\x1f\xd6\
\xfc\x16\x01\x8fs\xfd{_\x15\xb1\x15=Az\xbd#\
\x14\x8b\x84L\xeb\xff\x17o\x8e\xbd\x19\x9c'\x0a\x87/\
\xe0R\x01\xef\xa0\xca3A\xa5\x1c\x00QB\x86`\xff\
9\xcf[\xda\xec#a\x0d\x94\xe0\xee\x06}\xbdg\xf9\
\xf9\xbe\x0f\x810\xbc\x12\x8do)]\xd8;\xc0\xef\xc7\
\xd64\x09\xba\xb1S\xb7\x96\xf2\xf1\x10_#\xd4\xf3\x8f\
f1\xed\x0e\xb5~\xf3\x82\x116\x8d\xde\xaf\xa2\x18e\
I/\x8f/e;\x06\xa5\xf7m\xfd@\xfb\xbd\xc8\x17\
M\xc4\x87H\x9c\xa5\xbf\xfa\x96\x0a/\x84\x93pl\xbf\
\xbc\xbfC\x09\x0d\xe0\xf6\xd6]\x0f\xdd\xfeH\xc6\xf4\xc9\
0\x8d\xfe\xf3l\xf0\xd9\xe9[\xf5\x85\xef\x1b\x00\xbf\xc1\
\xc7\xaf\xc5m3\x95\xd7\xd7\x90\x86\x85\x11\x091\x14\xef\
\xde\x09\x99\x17\x09y!:\xf7\x13\xea\xaa\x1e:\x88/\
8\xa7i\xb3\xfdu\xc5\xc1\xad\x0b\xb1{\xf8\xe5\xcd\xe2\
\xfc\x87\xff6\xb3\xb5%8\xf6\x8f\xa7\x05\xf7\x8d\xae\xdb\
\xe7;~\xf7\xffk\x88\xec\xfd\x91\xba*\x81\xd6\xf7\xd5\
\x05\x0f~\x02H\xab\xb1\x1e\xb1\x1f]\xe4\xea\xb4h\xcb\
Q\xf5\xbe<\x07\xb0\x1eO\xf4\x0e\xe9\xbf\xb0\xa7w\xe7\
\xe7\xf6\x9e\xf3\xc2\x83_>\xbdb\x92;\x90]0(\
\xad?Fc\xe3\xdbf1h\xee\xecq\xc8\x1b\xa0o\
\xef\xac\x9d\xf6\xc6\x22\x809)2\xfd\x14\x01J\x07\xf8\
?/20\x87\x88~_\xdf\x84\xf8\xb3>\x13W\x06\
^X\xe5l\x87\x8e\xc3\x00'8#\xe0\xdf/u}\
\xff\xc2\xf9l;\x02\xb1\xcf^\x1c\xa5\x01\xce\x07\x94\xb5\
\xaa\xff\x85\xf35\x16\xc4\x7f\x98\xf6H.2\xdacL\
Fch\x81O$a>\x80\x0c\xf1\x05\x0b1\x83D\
\x83\x138\xdc\xdf\xbd$<\xaf\xa1y\xb7\xa2\xda\xb9\xa1\
\x12\xc2?\xd8\xf6%7^\xc0\xe4\xf3\xad\xc4\xe1\x84\x1f\
\xbe)\xba\xc1S\xf3\x9f\x1a\x11G\xd3\xe7\xdc\x86xB\
\xd5\x03\xc6\xfcX;\x80\x94W\xe3g\xb4\xf7\xb6\x91\x1e\
/\xe4\xe0\xa7\xdf\x076\x9b\x1d\xdc\x07Td\xfbQ\xaa\
^\x0aL\x86\xe0j\xe9\xfe\xe8\xe6\x8d:]\xe0\x09\xc3\
\xb1\x99\xe0oP.\x96 CI4\x06\xc5\xa95z\
\xc1\x09]\x17\x8c\x93Q\xc6\xe6wi\x9b\x81G\x81\x15\
\xfe\xbc\xb4\xde[3\xe5z[\xb6\xd4\x05\x03\xb8\xa0(\
\xe4C\xff\x99\xe9\xbdg\xe0_\xd7a\x19\x81\x02\xdc[\
\x5c\xb9\xa4E\x22\xfaz\xa76\xc5\x8f\xc5\x98Ex^\
P\x9d\xc0\xd8\xae\xb2_\xa6\xe0\xfdOn\x9e\x9f\xa1\x9e\
\xa2o\x0b\x98 \xb1\x86\x9a\xddz\xe7m\xc4\xfa\x9f`\
\xe7\xce0\xef\xf9u0\xf7\xff\xf9:' QF\x0e\
\xd7\x01\x04\xfa\xcf\x22\xefe\x15_\xe1\xe8\x8f\xbe\xa7#\
\xcf]\xf2\x88\xa6/SS\xf3?\xc4!\xfc\xfe#\x7f\
.Q\x90\xcf\x06\x14\x9c-\x99\xe5v\xf8H\x85\x17A\
n<~\xf7`o\x94\xd5\x0b\x16m\x87\xfd}O\xb2\
\x14\x0e\xeb\x1c\xd9#\xe9\x0d\xf7[\x91\xc6\xf4\x01\xfd\x9f\
\x1e\xf6\xdcUtI\xc1\x97\xdb\xbd\xc9\xda\xe6\x11\x81\x06\
G\xc1[\xd4\xf3_Cw\xbc\xb1\xc4\xca\xca\xe58>\
\xb5\x92O\xfe\xf0=+\xee\xfd.\xb7d/\xf6\xdf\xce\
r\x915\x1e\x1fZ\x90\x0c\xe8`\xb8\xee\x0bf\x01\xbe\
\xec\xdb\xb0\xf4F~\x84\x9c\xbd(b\x8c\xe4\xfe\x89\xbe\
\xc5\xb6^\x01n#9\xebk8]x\x8a:\x8e-\
\xf1GA\x9cC$\xf9\x03^-\x84@\xca&{-\
1\xdd\xf7m\xb6H\x99\x0f\xa9n\xc5&@>}L\
\xee6\x0b/\x04\xfd^\xfb=\xc8\xa1\xf3\xa5\xfda\x9e\
\x1bj\xa4N .}\x7fd\xd2\x9f\x12\xcb<\xd9\x19\
cR\xb2=t\x0f\xfc\xc4\xcf\x0d\xfa\x87&\xfa\x99n\
\xb6\xe5_\x9cp\x89b\xfe\xaa\xa5\xa4G\x0c\xcan\x91\
\xd4\x07n>\xcc\x9e.\xfd\xd7\xfd/\xc8\x0af\x91\x99\
\x997\x8b\x0dO\xce\xa8\x1d\xe00x\xcb+\xab\xff\xb3\
\xf3\xc9@\xd8\x0a\xf1B\xfc\xbe\xc1lv\xdeV-\x1e\
h\x8b3\x94t\xec\x1a\xf6\xe1\x94c\x06\xe6\xd5?\xe4\
~\xa6HXy\x86\x81\x81\xe0\xed\xf9\xdb\xaf.2x\
\xd1.\xef\xf9}c=~\xbfw\xe3\x0b\xe3\xdd\x00\x9e\
k7\xc3-\x7f\xc8^\xbf\x15\xa7\x978\xd6\x9aX\xb3\
\xbf\x9b\xc3\xa3<\x03\xaa7\xcac7\x02\xcd\x0bTD\
\x7f(\xb0\xfb\x0f\x0b\x8e\xf1\xa5\x93\xd2\xf3o\x8c\xcb\xc0\
\x22\xca\xb3B\xb3\xdfD_\xa4j\xf3\xce\xff\xbe\xc2\x1b\
&\x87\xc0\xbbW\xf5\xf7\x82\x04/\xea%L\xd75^\
\xe0\xdf\xfd\x1d\xcd\xe6_L\xdc\x5c\xc5\x85\xbd\xf4\xee8\
v\xa2p\x997\xe8\xd69\xd7\xcb\x9a`\x06\xf4k\xd8\
\xf4\x86\xfd\x07\xb7\xcc\x8a\xe1\x9dy\x89\xee\x09\xae\x8az\
\xa4\xfb\xfe\xa3\xd8\x9b\xb7@f\xe9\xc1\xa8\xc2\xdb+\xaa\
\xf9B\xfa\xb2[\xca\xb4\x96\x9a\xff\x7f^\xea?\xf4\xb8\
\x22\xdaG\x0c2\x01\x88\x1b\x8a!g\x8d8\xcds^\
;\xd5\xc2\x80\x90<\x8b\xf1Y{\xc7\xed\xf6Y\x8b\xbb\
\xa0\xc3+\x97\xbc{\xeeq\x95\xdb\xcf\xe7HD\xdf\xd7\
9_3\xcd\xbf\x90\x81\xbf\x03\x04\xbf\xba\xff k\xff\
\x08\xf1\xeb\x1b\xddI^\xe7J\xdc\x87\xb6\xd8\xfcN\xa8\
\x8a\xc7`yH&\xe9\xa5\xe1\xe8\xe7\xd0\xea\xc1]\xba\
\xeb\x01\xdf\xb0\xf5.0\xdb\xcb*\x7f(\xf6\xd31}\
\x01\xcb>\xd8?\xc9\xb6-\xc9i\x80\xa7\x96\xcf\xe2\x9e\
\x0c\x13\xcfPJ\xb2\x0a|{\xbf,\x1f\xef\xad\xd7\xf6\
\x00\xaa\xe3?]\xbaJ\x88\xcf\x0b\xc0\x7fd\x91\xde\xbf\
\x8dh\xca\xaa\x02\x00\x1a\x88\xdd?\xb2\xf5\xc2\x07\x1b\x85\
_\xdd\xff\xd92\xd2\x19\x22\x12\xb7j\x962\xdaZ\x96\
\xf9\x91!\xce\xc9`\x00\xe6\x1awi\x86\xe2L~#\
\x8b\xf3\x84]w\x09\x81\xe2]\xc8\xe80\xdf\xa0<\x03\
'\xbe\xfb\x1d\xd5\x9d.\xaf\x97\xd9\x97s\xae/T\xa9\
\x13&\xd8\xfc{O;\x91\x94N\xd7\xefG;\x04\x9e\
\xed9\xd1U\xc2\xc5\x00\xa9\xb7B\xa7\x87\x03\xfe\x87c\
\xf3\xe6\x984*fs\x06e?\xf8\xb76g\xfc_\
\xf0\xb1\x86a\xf7\xb5\xcc`\xf8\x89+\xdcx=\xb2\x8a\
\x08\xbd\xb0!\xde\xa0\xfd\x11\x9fov\xb2\x81\x88S \
\xd0\xe7\xc9x3\x87^UH\x7f\x0c\xc0d\x97\xd0?\
+\x08\xf7\x1c\xfa_\x96\x06\xe5<8)y\xfd\x22\x89\
`\x8e\x03r\xa5\x98Otc\x82\xa65\x9b\xa4\x8c\xf1\
\x0b\xeb\xe5\xe6`I\xdd\x8f\x0b\xfa\x07\x16\x854\x0fq\
\xe2\x99C\xad\xe0\x0d7\x1f\xbc\x84\xc9\x00\xe4!(\x16\
n\x80gs\x9a\xad\xa1;\x06\xf5\x8c_N\xf7\x12$\
\xcb\xb6U\xe2\x5c%\x90\xa7\xe0\x08v\xcf\xe9\xe4\x7f\x9c\
/\x94b\xf5\xc10\x11QY\xcc\x06OVs\xc5#\
\xcaf\xf4\xf6\xf9\x14\xee\x8c\xd2t\x19\x80\xbbh\xaf_\
\x10\xd0ES\x9a\x0b\x7f\x91\xbe\xeb\xad\xf1\xf2\xd2\x84[\
\x17\x07\xd8\xea\xd7\x17x\xc4'\xd2A\x91A\x08\xca\x1d\
\x9d\xa4\xec\xa4%y\xf8\xa1\x91\xce\x0f&< \x13_\
\x9e|\xd9\x08\xef\x0f\xa81rc\xcf\xa0&\xe7\x17P\
n\xf2\xc9\xe3\xc9\x10\x86;\xfb\x00'~\xa6\x1dlo\
\x94\xf8\xe1M\xb7F\xc1o\x98\xe2\x060f\x92\x95m\
\xb4\xee\x10\x08\x7f\xfb\xbf-\x05F\xd8xz\xb7\xd6\xee\
\xa9\xf1l\xf1\xf2\x8c[\xa8N\xc1y\x81\xd6\x02\xbe\xdd\
\xfeKX\xbf\x80?\xdf{\xe1\xc74=\x8e\xd7>n\
\x07,\xd0q=Pv\xdb\xd3\xff\xcf\xa0\xbb\xa7\x9fg\
}T\x1fo\x91\xfd~\xa6-\xce|\x13!\x99\xa5?\
m\x1e\xa0\xaf\xad\xc5\xc6\x85\x02X\xfb\x13\xe7\xe1\xc1^\
:0$PS?%0\xc9R\xbf\xcd\x00\x187\xed\
\x00P\x09\xc6\xd7\xa6\xd0N\xc6?B\xa2\xc5\xcf\xf6~\
\x03\xd6\xce\xef\xa1\xfa\xd7T*\x0c0\xbe\xe7\x9b\xd3\xf9\
\x82\x00\x9e\x03\xbe8\xc0d{,\xc8o@\x9f\xe7B\
x\xcd\xff9\x9e\xf8Bd*\xfa\x1b\x04\x9e\x1ek\xd6\
.\x80t\xbe\xef\xf0\xaa\x9b\xf4\xf5/?\x9b\x19\xb0\xe0\
\xf9\xb3_\xffSk\x98\xf4s\x00\x11\x5c\xf6\xcd\xce\xfa\
\xc7\xd6r\xa4\xb0A\xdc\xf6#\xf7\xffh\xd1s\xe1\x0b\
\x83;W\x06\xd8\xdb\x7f\x9c\x03<\xb6\x18\x91\x1b[\x18\
\x87\xcf\xe5\xf8\xdc~+$\xaeA\xb2\x80\x03\xbc\xb5q\
\x02\x92\x1f\xb0\xd3\xd3\x86\xb8@\x9c\xfd\xc8\xd3?\x00\xc9\
99~\x01kG\x98\xd2z\xe4\x1e\xc8\xfb\x05\xdd\xc5\
\xca\x98ma\x86\xdfx\x10\xec;@\xfa!\x8a\x5c\xfe\
\xed\xd6k}\x03<t^MwW\xff\xc1\xccQ\xe5\
\x80\xfc\xa4\xc5\xa0\xa3\xcc\xf7\xc4\xf0\xdc\xb8\xfd\xc3\xf64\
RD\x1es\xf8\x1bH\xcd,\xd20\xcc\xe0\xb2}\xdf\
\xc0\xf9H\x17\xb14(2'\x07`\x91\x07aL\xa7\
\xd5s(h\xa7\x82\x1a\x99\x03\xd87\xf3\x15\xe4\xd7\x90\
\x0b\x03\xf2\x0f\xc8\x07N\x108\xb9\x9c;\xd7\xffkp\
m\x91\xea*yA\x5c\x13-:\xafo\xe2\xf4\xffO\
:\x8b\x89\xf3e]\xf0\xdf\x106\xfeN\xfe\xfa\xe6\xe6\
\x02\xb41G\xe38\x87\x8d\x7fPj?\x80O\x14\x06\
\x80\xa6`\x08\xfb\x02)\xfc)\x86\xa2\xf7\xbd\xc6\xd7\xd4\
>q=B\x058C<\xd0q\xfe\xaf\xfc~\x7f\xb2\
\x1d\x92\xae\xcd}\x0b\x8bR\xd3?\x84\x0c~\xf2\xa2\x05\
\xa8:\x00\xc1\x83\xdd\xa3\x8d\x90{L\xbaI\x16^}\
Akm\xe2\x84\xf3\x04\xe0}\xb0\x12\xf1!\xb1;\xf8\
\xff\xe6Y\xa6\x0d\xf7\x17t\x83 \x9b\x1e\xf26\x13%\
\xef\x08\xa7\x0b\xb2;\xcc\x9e\xcf\xe3\x9f6_\x80q\xec\
\xf4\xea\x07\x90\x86D8\x9br\xec\xe1\x00[\xff\x02\xf7\
\xde\x7fV\xffJ,})\xbfp8gP\xc4\xf1Q\
\xc2\xf9\x03\x98\x9aC\xf4\xb7\xa2\xe5}k=\x02\xfa\x15\
\x93\xa9\xeefQT\x0b\xe7\xa7S\xe1\xf1\x03\xba\xcf\x1a\
)Ga\x12\xf9\x01\x9f_-!.\x08c\xc0\xca\xfb\
\xd0\x95L0\xba\xc78N\x1e\x89\xf4.\xd0\xb8.a\
\x90\xbc\xf0\xf9\xc2\x14\x86F\xb4=\xd7)\xc8\xa6s\xed\
\x07\xa7\x85[\xbf\x1d1_\x86\xb7\xfb?\x0d\xec\x9et\
\xc3\x0d+{\x1d\xd5_\x1c\x15\xd7l+3\xfe\x8do\
\xe9\x05r\xdd\x99:\xaa^\xe9\x15\xe4\xc9,{$\xbc\
\xdc\x7f\xba\xb4\x11\xcd\xc0'\xa6B\x04\xd2\xf3\x9a\x0c\xaa\
\xc0\xba\xf8\x15\x07\xees\xf8\xfa\xb7\xb6{\x01\xdb\xa5W\
\xd9eF\xb8\xdc\xfe#x\xfb*i\x91\x05\x18\xba\xbe\
\x1a\xcb\xb3\xd4\x1f)\xfe`\xde\xf2\x95\x7f\xb1)\xc8A\
b\x1e\xac^$\xfc\x0b\xc13\xc0\x8d\xf9\xb5<\xed\x1a\
\xcf}\xac\xab#\xca\xf4\x02\xf4\xf2\xc2\xa0\xa7\xb6\xe33\
\xedK\xfd(v\xd8\x05\xa5Q\xfb\xb3l\xf6\xf0\x8bk\
\x0a\xbe\x8e!p\x91&\x0f\xc4\xb3*\x80?\x00\xf5\x0f\
\x87\x83\x03\x06\xd9.\xb8\xb1\x19\xff\xc8?x\x91.\xdf\
sCwB%\xedsD1@\x8b\xe1\xfe\xbe@%\
~A\xe5\xf7\xd2\xbf+\xccN\xfc\x12\x87\xb5\x87r~\
\x8f9\xdf\xeb\xfa\xbf\xffB\x9f\xc0\xac=\x02K\x97\x03\
\xfe\x1a\xf0\xe1\xa6\xbe\xf8\xeb\xe8\x80\x81\x9dc.\xba\x88\
\xc4\x7f\xe8\xed\xb3\xef\x91p\x0e\xfa\xb1X\xcc\xb9\xcc\xe0\
\xf3/\xcc\x01i\xf1\xf8\xcb5\xc7\xde\xcdt\xf13\xd8\
\xeew\x8e\x14o\xc0\x0e\xf3\xb9\xc6h\xf7\x88\xd9e\x01\
\x8b\xdcl\xf9\xd9I\xeb\xbf\xb6:\xc9\xc9\x193\xfe\x8f\
ODZ\xa4:\xc4%\xf8\x91\x98y\xe7\xcf\xf1\xfb_\
\xfa\x02\x03}r\xef\x8b#\xc4\x97\xb9\xbf\xb3=s'\
\xb5\x1a\xfeg\xd9\xbd\xcfQ\xae|\xa3>\x05]c\x03\
\x90\x1f\xfcc\xf3cL\xedT8\xb7[\x02\xe97\xff\
\x10\xfa\x10\xf2\xc2;\xf7M\x0f\xbf\x9aI\xd7\x17P\xee\
\xb3g\x13*:n]\xe0\x07\xd4\x14\xca+1\xec\xcc\
\x16\xb9\x16c\x05\xfbvG\x7f.\x03\xf1\x90/!y\
]\x0bH\xcf\x02\xcc\x1c\xe8\xd1h\x9e\x9f\xefW\x13\x83\
\xa8\xdfr\x91\x06\x1d\xc4\xbe\xc2H\x03\xe8\xfe\x8f\xc3\x0b\
\xcc@\xb5\x1f\xf8]\x01\x83\x1b\xbb\xa0^q\xf8\x1c\xeb\
\xa0\xb0\xeb\xe2\xf5\xd1j\xe1\xdc\xf2\x01\xf6\x8cuF\xd3\
r\x00\x13_\x10;\x84\xba\xf7\xa7~a\xfc\xde\xe3\xe5\
\xf7}^G\x1c^\xca\xb6\x01\xb8>\x9dD\xee\xce\xae\
\x9e\xa1\xb5\xb7\xf5\x1b\xa2\xbc\x1b\xfe\x13\x8d\xd0\x8c\x1b\x8e\
\xf7\xcfA\xb2j\xbe\x90c\xa83\xb4\xa0\xf1\x07,\x8a\
k6\x17\xcb\xbc\xf6z\xbf\xd0\xffL\xbeA\xde\xd2\x9a\
b\xdb\xe5\x80'\x07x\x06g\xe8\x8d\x83\x11\x0b\x19-\
\x0a\xc9\x02\x16\x09C\xa7\xdf/W\xd1\xbc^X\xa4X\
ML&\x0c\x80\xe3x\x81\xca\xacE\xdb\x03\xfe\x96\xc9\
\xe1\x17;\xe0\xc3!\xf7\x7f\xd6k\xaf\xcb\xfa\xb3\xb7l\
\x8bC8\xd8\x0b*\xdb3>\x1cp\xe9\xdd\xc8=\x22\
0\xecCb\xbaN3\xb4\xe8}+6\x80\xc7\xe6\x1c\
\xe9\x85\xfd\x18-\x15\x90l\xc3/1H\xff\x8f_\xa9\
\xcb\xc7\xb3[q\xadG\xcf\x05\xdf\xd2\xbcl\x1e\xe7\xdf\
\x11+\xed\xc4sl&\xf9=\xb2H49\xd1\xfc\x00\
X\xed\x05R\xb4\xdd\xb0\xfdG\x80kz\x82\x8b\xaa\xce\
\xe3\xc3R\x8e\xac?\x11id\x08C)\xf3\x98~\x9a\
\xc3\x93\xbe\xc7}\x14'\xf4\xb1}\x16\xdcl\xae\x9c\xdf\
\xb1\x97\xeb\x8c\xe8\xf1L\x8f\xfb\x9d\x8a\xff\xdfZ[\xeb\
1\xc0)N\xec\x00s\xf7\x17\x04o\xbf%\xda\x8f\xaf\
7\xc6*\x89YJ\xf9_\x9f\xb3\x8a\xcf\xff\xcf\xdd\xc3\
\xd1\xc9/`g\x8c\xbc<\x80l\xe7\x0c\x9f\xa1\x90h\
\x7f\xb2o0=\x9e\xe7\xf3c\xc2i\xaa\x03\x02\x0f~\
\x22\xd0)U\x96\x09\x1fy\xb6\xab1\x06\x88\xf8g\xf0\
K\x98\xeao\xca\xff\x10b\x81\x13\x88\xc1qQ\x95\x9d\
\x0e\xc8\xed\xa1G\xbd\xd3\xf1P\x1e\xfe\x91\xdb\xc3\xb3\xef\
K\xbcpi\x87\xef9\xf5\x81\x00\x99\x05\x1c^\xf2\x9e\
)\x8c\x13\x0f1xi\x1c\x14z\x91~\xbf\x8f\xc2\xe3\
\xc9/\x87\xff\xe7\xff^\xbc\x10.\x1d\xe5\xdf2\xc0\xf6\
dL\xbe\xbb\x7f\xde\xa4\x1d`pX\xe2\x03\x08\x9a\x18\
\xd2\xff~ \xf7\xa8\xaa;\x14\x7f\xb5\x98\xe1\xdc\xf5\x07\
\xe5]\xfc\xd4J\x16I\xb9\xf9\xb5\x16F}\x00`\x7f\
\x81,F\xb0\xb7#'\xf5\xd4c\x9b\x8d\x82\xf1&Q\
\xbf\x81t\x5c\x82\x1f\xb4y\xe8r?\x90w\xb78}\
#\x82\x8f$\xaa\x5c\xb5=\xdd\xf9\xfdV\xc7\xffb\xe8\
T\xb60\x92\xcd\xc6\xf3\x1d\xcf\x8bt8A\xc7\x1c\xe0\
\xc4\xf0\xc2\x10N\xd3\xfd\xc8>^Y\xf0\xbb\xe1\x80G\
<q\xee[\x18Q\xce\xc3DK\x0e\xb8o\x90B\xe7\
\xb0D\x8d?E\xb3\x05dD\xb6\xe8\xd93\xf1\x00\xee\
\x83\xf7Yck\xe4E\xc6\x9bn 5\x1b\x00jx\
\x81\xe1\xfd\xe6U|\xf8D\xdf=\xeaz \xeb\x89\xf0\
\xe5\xec>+f\xd1\xa7\xe5k\xe8\xffc\x18\x95\xc4j\
\xfd\x1eQi_@\x9e\x8b\x1bJ5`:p\xc0\x1b\
\xa7\xfc\x01\x8a9\xb2\x07B8\xff\x7f\x95?\x03&\xdf\
\x82\xf7W4\x0dN\x8f\xe6\x90\x0e8\xf2 \xf2\x9eX\
\xd6k\x1f\x1c\x1f\xfd\x8a\xbf\x0d\xb3\x00\xa5W\xed\xady\
\xe1n?\x85\xad\xe7\xc5\x98\x16\x19\xf5\x0c\xfd\x10y\x8a\
\xf3\x0b\xfc\x7f\x9b \xd8/\xf4~r\xbb\x92\xce\xf3\xd9\
0\x01\xf4\x16\x98\xc8\x09\xb8\x81\xfeT\xb9\xef9@\xe8\
>\xc8O\xbf\xdf\xc6\xce\x06\x96\xddB\xbd=%\xde]\
\x9fe\x83?\x10u\xffv\x91x6\xc0\xf7\xc2\x1e\xbd\
\x10\xea\x0b\xe2\x06\xfc\x0e\x9dg\x8co\xdc\x8d\xa1\x06'\
\xeb\xbb\xa91\x0f.\x1e \xea\x03%\xdf\xc3\xcf\x1b$\
N\x90\xdb\xeb$\xe8\x0e\xe0\x81\xdf\xabR\x02\x87\x1f\x18\
m\x18\xc4\x22{6\x95\xc6\x83\x0c\xf0\xdeya\x06N\
\x90O\x01\x8a\xf6\xd9P\x04\xb8\xbb\x9f\x07\x00y\xeb\x10\
V\x1d zv2T\xf8\xbehs\x1ek:\x92\xad\
\xa8\xeb\xec\x88\xa8\xb3\x1d\x90\xfe\x83\xae\x10\xcdq \xe1\
g\x00~\xf5\xf2\x0e\xfd\x1fH\xbe\x80\x98\xc0o3\x5c\
\x0a\xa7$\x08\x0ai\x80\xf5p\x00\xd6s\x07\x88\xf8h\
?k\xbe_mU\xcc\xdes\x95\xe2\x8e\x1d \x96T\
\xbc\xae\xf3\x89\x1b\x80)\xec\xa1>3N<w\x7fB\
<3\x84\x9e\xff\xc5_\xdfI\x9e9\x9f\x9c\x00h\x80\
e'\xae\xe4:'o\x0a\x8a\xdf\x0b 9y\xca\xb7\
V(6d\xdf\xed\xac\xfa\x03ps]\xb8%\xeb\xd7\
P\xc6\xe3n\xc2\xb42\x00D\xf0\x02\xc9\xd5v\x04n\
h;\xfd \x80\x1e0|`;=V\xc3i\x07\xfc\
kw\xf84\xf1\x8c2\xc0\x03\xb4\x96\xb7#\xeb,\xc7\
(\xa4\xdf\xc0t\xa1\xe4R\xaf\xd1E\xb9\xdd!ol\
\xfc\x9dc\xd8\xf0\xbf\xde\xfb\x82\x07\x00r\xe4\xf9\x97k\
I\xfc\xcc\x10\x80\xd8<\x80\xd7\xa7U\xf60\xfcO\x07\
,\x83'\x86\xfe)l\xad\xdb\xf4\x87a]\x7f\xa9\xdd\
\x01Q\xf1\xff\xec\xee\xc8x\xd7\x0c.\xbd\xc6<n\xfb\
\xef\xe7|\x01\xd96F\xfb3\x020\xa2\xe80L\x82\
\x92\x7f\xc0{\xd8\x01\x94\x1b\xd2\xfcZ\x8cF\xb8\xccT\
\xa6\x07d\xdc\xfd~\xef'\xb2\xf4\xe1\x00Z\x8f~\xbf\
B\x81\xe8\xf6\x1f\x92\x9f!L\x84\x9d:_\xd3P\x11\
C|\x82X7A\x88\xce\xec2;]=\xdb\x01i\
\x89^sPO\xe0\x91\xf3$\xb2\xbc\x0f\xa4i\x0f\xd8\
&G\x8bC\x1b\xf4\xe7\x8d\xef\xbe\xdbs,\x7f\x8f\xc2\
\xdc\x22P\xe3\xf9\xf9\x5c\xff\x82\x15q:\x7f\xf7\xc1y\
\xe0\xccI\xbc\xdc\xbae\xd72\xabw\x00\xdah\xd2\xfb\
\x14\xb3\x1c\xdf\x9f-\x8e\xe36\xd8\x87\xd6\xff\xe0\xf4<\
S\x07\x98\xdd\xcf\xf4p\xff\xbcj\xf2\xf5\xfe?\xc8\xb4\
\xac\xe3G\xff\xff\x05\xd9\xf5\xf4\xef\xc4\xf8Y\xa6d{\
\xa7f\x90}\x0b\x80\xbco\x149\x0a\x12`\xf3\xf4C\
\x1b\xe6\x5c\xf2\x05\x98\xfe!\xff\x1d\xe4\x03\xe8\xf39(\
\xf3-\xbe\xb3\x9fvZP\xf7\x8fM\xf4\x0c \xe5>\
\x9a_v\xfc\xa5\xff\x84l1\xfc\xaf\x1e\xe8)\xc2/\
\xf5\x06q\xb8\x0f\xd0\xec\x19\xf6\xbf\x8b\x97\xd6\x05\x84\x7f\
\x91W\xd5\xf5\x09}\xc3\xfex\xd9\xd6*\xab\x8f\x96$\
\xdf\x0aM\x18\x1f\x9f\xf9\x0b\xf6\x00\x8e\xfe)\x9c\x1d\x03\
Rq\xcc\x07\xb5\xea\x02xC\xbdO_\xa3/4\x03\
el\xff\x81\xfb\xfb\xf6@\x11>\x80\xba\xc5\x0a\xfe\x98\
\x9a\xc13\xef\xd9\xff \x1b{\x9c\x89\x5cj\xb2\xee?\
;\xe3\xc0\xc7H\xd4\x170\x01R\xbd\xbf\x96\xedk\xfd\
\x856\x08\xf1A\x99\xcekEL\x0e\xb0x\x84a=\
\x83\xe27\xd15\x0f\x10\xff\x01\xce\xe1\x81\xb5\x7f\xff\x8f\
\x8f\xcd\x94h\xcf\x8f\x0d\x00\xe8G\xc7s\xde~!\xc6\
?\x04>\x9br\x9a\x00\x0eg\x03\xc4\xc7\xa2t\x05b\
\x899!\xfd\x1d\xaa\xfd\xcc\x9a[x\x9cd\xb7i)\
}\xe0\xe2\x07\x84n\xb1\xcc\xfb;\xc8\xf0\xb0}G\x87\
\xf6'\xe3\xe9@S\xa8\xff\xbf\xdf\x17j\xe5\xa2\xe4|\
\x94\xe1\x87r\xca\x1f\x5cG\x8d\xe8W;\x05\xd6K\x0d\
\xads@\xceq\xe2M\xf2\xfd^\x0e\x0d)+\x14=\
\x8e9\xe0\xfb\x9b#\xc1\x8e.\x1d]\x12\x9f/ \x8d\
'\x83\xef\xcd\xcd\xd7\xb5T\xa1\xe7\xeb\xdc)\xd7\xbf3\
\x18f\x9b\xfb\xb6\x0b*\x90\x1e9\x00\xf6X\x09\xa5k\
\xfa\xa9\xaf\xaa\x99\xcd\xe0\x1enF\xb9\x0b\xe6\x9c\xf0A\
f,\xa7\xe8\x98i\x0e\xd0O+\xcf\xc9]+\xb4\xbe\
\xfe\x04\x18;<\x5c<\x8d\xe1\xbb\xa2#\xb2\xcd\xe2\xf0\
\xbd\xed\xd9\x9d\x7f\xc6\xf7\x9b~\xc1\x1a\x92\xcfG~u\
\x0bd{z\x8aPO\x003}\x03^\xc0Z\xf4]\
\xf0\xaej\x12\xe6\x81\xea\xbfN\xaf\x5cdE\x9b\xbf\xbe\
\x03#[\xa0<C\x1fl\xaf\x9e\xea\xffPU\x8c\x9a\
\xd7O\x0f\xf7\xf1v\x04G\xfa@4\xbfZ5\xd4\x09\
\x89\xac\xff1&\xbd\xb6\x17V\x9by\xab\x95~\xd6\xcf\
\xb0\x8e\x0e\x80\xfd\x15X\xee\xa2f1\xe3\x9e\xa1'\xcc\
.\xe3\xb8\xffs\xebrq\xdf\x0b\xc8\x16A~\x06M\
\xc9h\x9c\xa15\x12}\xc0f\xb8#^.\xa4\xb5)\
\xf6s\xe9\xca\xc7#-\xdf;so:\xff\xe3\x09^\
\xb0\xb6\xd1\xd3W,vwr\xf2\xc2}\x9fH\xddh\
\x14\x8c\x0b\xe4\x9d\x8e\x96g\x0e06F\xcc\xf6$j\
\xbcN\x1d\xcbo<\xb9Q\xd7\x1eg_\xbd\x8f\x07[\
\xcf\x99\xf9\x9a\x8b\xff\xf4\xf8\x19\xc4 s\xafA\xbe\xfe\
\x10\x0c\xf1\x87\x12\xf9\xf4\xc3\x03f\xd7\xd0\xc8\xff\xf5x\
\xc1\xda\xff\x0eJ\xbfo\x98A7\x90\x95\xf4\x9b\xa0}\
7\x90\x9d\xdf\xee0j[\xd4 \xcf\xc9\x9e\x9f\xe0/\
\xf8\xb3\x22\xf0\xdd\xcd\xb3\xd5\x82\xc7\x8fg\x14w\xd5,\
p\x8eC\x9cC\x85\xa0y\x08+\xc7/\xc2b\x19_\
\xb8\x1e\xa9\x93\x03\x98\xfd\x07\xc0\xb1\xbf>\x15\xab_\xd8\
E\xb9[~We\x8eZ\xa9\xcey$13\x0dO\
\xfb{\x82\x83\x17\xb25\x97z\x9e>w(y\xe3\x17\
\x08\xf3Z\xbe\x87\xe7\xfb[F\x83\x0d\x01\x9f\x9d'<\
b\x1c\x9d]pc\xdf\x97\x9a\xfamB}\xc4\xca+\
\xb3\x9d~@%\xd1\x18\x95\xd7+\xc5\x0d\xff\xf1\xdf\xbb\
\xb0\xf5R\x9cv\x9e\xfb\x7f\xc7\x1a\x00p\x9b\xb3\xe8\xfe\
F\x80\x19\xe6\x0d\x93{<Mh\xfba\xe5\xf1\x1c\xc5\
^<V\xf8\xf4\x00i\xaf\x22/\xa0\xc5\xaef\x10\x87\
&\x0fp\xf6\xf6\xe2\xff\x95\xcf\xe7\xff\x88\xc52\x03\xf8\
#\xd4\xab\xaf\xec\x8cu\x7f\x8d\xe1\x05\x95\xc8\xfc\xcc\xde\
F\x01\xa18q\x09\x9d\xe6\x0f\xdcY\xa7f~\x90\xf7\
Xk^\xc0\x18\xce\xc8>[\x04\x06z\xce-\x91\xd1\
\xedy,\x91\x07\xf5\x5c_|\x1b\x9c\xdd\xc2\x85%\xc8\
\xe2}N\x86\x19\x96\xb3\xa1\xaa\xc7\xd1\x18\x9d:\x08\xbd\
\x0bG\xce\x1f*\xd5\x03\x8a\xa5t5/\xcf\xd8g\x0f\
t\x8c\xfbA\x8e\xce\xe9x\x9f\x96&\x1e\xbb\xa3\xf9$\
z\xa1\xe7\xda\xc8\x09S\xb5\xd9\x84\x9f\xd1\xfb\xd1\x1a/\
8\x91y \xe0\xaf\x13|\x85\xbe\xf1\xfa\xefk\xe7c\
\x84\xbfvK\xef\xb2\xf4\x05\x84\xb2\xb9\x9e>\xc9\x03\x8c\
!]\xc6\xd0\xa9\x96\xcf\xb7;\xabT\xce\xd2Z_\xca\
/\xfaz\xc9\x9e\xd2\xd6\xb8.\xb2\xc5\xee\x8ai\xfe\xc7\
\x9a\x93\x91`:\x8b\x19@\xa1b\xff\xd8\xbaA\x7f\x1f\
p9\xa2\x94`\xaf\xb8B\x8b\x1c\x10\xb7c%}\x12\
\x1d\x17\xba\x9e\xf8NC\xfe\xc75\xd9k\xb2'\xe3\xfb\
\x01\x96\x17\xdc*\xbe\xbcL\xfc\xb8\x9br\xb9\x0e\xc1\xec\
\x8d\x957\x14\xa9\x92\xeb\xec\x94\xc9\xcf}\x80\xb2\x05\x10\
H5|\x0e\xfb/\xa0\xca\x8e\xd9\x7f\xb6\xb9\xb8\x8f\x8d\
q\xa2\x18\xdb4~\xc3\xfdg\x95\x19\x1a\xb5\x98\xd7T\
\x1f\x9b\x94\xc6l\xdc\x13\xec;\xfe@\xd2\x9c\x8e{z\
\x22\xda\xa9\x0f0^\x93\x11a\x92Y+\x88\xa2=\x9e\
Q\xda1U\xdd\xfa\xbf\x9c\xe7\x5cw\xa7\xec\x0fB\xa8\
\xff%\xbe[z\xc1\xd6c\x7fa]\x9b\x22\xf3\xc2\xf3\
\xa7\xbf\xc8J\xbf_\xe3\x97\xfe\xdf\xed\xf0\xce\xb4\xb6\xd7\
\xa5\xff\xe0S?\xda\x07\xe4\x97\xb6@\x0e\x82.\xe7\xd6\
\x9f\xbf\x88\xe2\xff\x11\xf0\x98p\x13\xee?\xcd\xe8\xde\xe4\
\x8c\x09u\xc3cS\xa3\x93\x07\x81\xf3\xa543\x90J\
\xb9kL\xf0\xf1\x05\x811\xc6\x80?\x97\x0b\xd0~\xd4\
\xa0\x1c\xdf\xf3\x07\x1bG\xf9\x01\xcaL\xc9\xb5bB\xf2\
\x93\x04\xf7\xe7?\xf2\xb8g\x03\xcb\xf06\xb2\x81\x13\xa2\
,E\xeej\xccx\xf4w\xf3_\x9f\xba(\xd5Y\xba\
6|!l\xbf\xdf,za&\xc2q\xe3\xc1\xa3D\
\x11\xd7\x04\xea\x90\xbdc\x02c\x9b\xa7\xee\x0e\xc9\xdd\xc4\
\xa7R0\x17k\xe6\x01\xe3b\xe9\xf3\xbd=`}\xff\
I\xd8\xc3\xb3\xd11\xb8\xf7\xcf\xe3A\xf1O\xf6\xca%\
h\xa2\xc2\x980\x9a\xa1\x10\xbe\x99\xf7E\xf7>'\xf4\
\x1f\xe4\xe3\x0d\x00\x88+P\x0b\x85\xab\x00\xad\xf5\xcb\xca\
\x01K\xa6\xe5\xbd\xac\xa7\xc6\xfdbqp\xf8~\x9e;\
f\xfb]\xbbr\xc4?\xae\x8f\xf0\xc1\xa3\x17\xae\xb3\x8d\
\xea\xd5 (y;\xc7\xfe\xd0e\xceOS\xf0K\xbf\
\xcc\xd1\xe4\x00\xdc:\xcc\x85kF\xfe\xfa\xc0C\x8f^\
\xf4\xda\x1bh\xd4\xb3^\x1b\x93\x1a\x8b\xf8\xc3\x80\xb6_\
H4\x83\xc4B\xee\x02\x8f\xa3\xb6\xf7\xe8Vv\x94\xbd\
\xb2\x8a\xbf\x98\x9b\xae+|\x932td\xf6\x7f\xd1\xac\
\xe9\xfeE(\xd9?\x87\xaf\xab\xdc\xec\x11\xae\x90n\xd3\
\x01\xff\x05]?\xc1\xa9\x17\xb1\xe3\xcb \xdfo\xca\x0f\
\x03\xa6G\xeb\xe0v\xd1\xc1?\xc3.\x82\x07\x18c\xcc\
\x0f \x0c\xe2\xde\xf7G|e~4\xc7\x9d\xfaz\xe4\
\xc8\xd1\xa76\xf6\x85*N\xf2\xe9\x8a\xf5\x7f!\x9eA\
\x04\x03\x92\xd3\xee\xa7z\x81O2Z\x02s\xf8\x1d\xf1\
\x85\xac\x85\x97\x1d\x22\xb8\xfcY\x7f.t\xf8kH\xff\
\x87\xa4\xcb/l\x83\x9aF\x13\xdb\x16\x87\x06\x18\xcd\xe9\
^H\xbbU\xfe\xcc\x07n\xaf\xaf\xb2\xfa\xc9\x12\x1e\x84\
\x00\xa2.\xdc\xd2(\xfb\x0f\x97\xca\x03\xc2\x9b\x8e\x08\xb6\
\xa7\x1d\xe0\xb3\xc3\x09\x02\x17\x86cW\x15\xdd\x00\xfa\x94\
\xec\x22P@\x12\x9e\x0f\xf7\xcc\xa3*\xbb\xfb\x1br\xfd\
\x131\xb7\x07\xf7.\xaa\xc7\xfe\x97I\xbf\xffP\xec;\
Jv\xcf/\x0e\xd9w6\xaf\x0ef\x9c\x81\x13\xd9L\
\xed\xd7!\xb0\x91\xff\x1aIC\x1f\xf4\x87\xd2\x1f\x1cv\
\xb9!\xfbA\x1e,\xa8\x1f\xecri<\xf4\x87\xb2\x19\
N\x19\x02\x15\x02 \x02\x1c\x02F.\xf6\xcb#\x87\x99\
\xcdf\xff\x8c\xb2\xe8\x90f\xdfH#\xbe\x0c\xdaj\x8e\
xttT\xbb\x05ONcP\xdd6\xf0\x1f\xa0\xa9\
\xd7\x1c\xcbS,\x91\x10\x9cf\xb7\xdb\xb5Z\xad;\x0e\
Ji\x10\x8d\xe7\xc8\x91\xe3T*\x15\xeb\xdd\xd1\xf5\x22\
M\xd8y\xe3l\xf2\x09\x8a\xd1l6e\xb3\x980\x9a\
\xc9a\x1f:\xda*2b_H\x0cJzg\xb6\xdf\
\xc3\x22\xba\xc0GLp8\x5c\xaex\xe5\xb3\xc4\x81\xc2\
\x10\x5c\x9cnr!\x0f[\xf7\x9a+x\x14\x1b\xe33\
H\xf2YZbf\xa3\xad\xcb\x00\xa7/\xa1GB\x8f\
v\xc6\x8f\x1c9\x92\x94\x944\xa3\xf5^Nc]\xc7\
\xe3\x80\xa6\xf31c26\x9b}\x15*T\xd8\xd8\xd8\
\xa4\xd3\xe9[YY\x8d\x8b.x\xed\xc6A\xbb\x0b\x04\
\xff\xeb\xf5\xea\xac\xbe\xe8\x0a\x0d\xb9K\x0cw*\x9b\x8e\
\xe6_%(\xcc\xea\x01^\xafW\x08D\x97\xf9\xca\xb5\
:\xbaJ\x8e\x94\x00\x9b\xcd\x86\x1b\x121\xa10\x5c\xd1\
W\xb5\xdc\xcc\xd5\xd5\xd5\xc3\xe1p\xb2\xe9D\xa4\xa1\x92\
\xf3.A\xb9\x14)R\xc2 \xb2r;\x9b_\x19\x99\
 \xbc!\xb4\x84\xd2\xed\xd0\x903\xd1\xb0\xccJ!!\
!\x9d\x9bV\xf2\xb4\xaac\xc09\x11\xfb\x0fQ\x04Z\
\x10Nt=\xe5\xb0\x06\xdc\x02\x84&kd\x22e\xd3\
\x15\x88\x91\xb0~\xb5\xafF\xdb]\x82\xf2\xd8L\x07=\
\xf5V\xcd\xb0\x04\x81\xecF\x87v\x5c\xadV\x83\x95\xa0\
\x14\x93f\x16\x19\x1bp\xcdSi*\x04A\xf8\x03\xd6\
g6\x99\x9bX\x12\xc3\xfc\x98:\x9d\xee\xe8T\x82j\
gp`\x02&\xc7[\xa6\xae\xcfn\xc0\x9c\x9c\x9c\x9e\
\xf0\xe7>\x8c\x8e\xdb\xecR\xd6\xdb\xed\xf6o<\x9bw\
\x99\xa0\x84\x95\xb0\xe6!5<\xc73S \x11L\xee\
\x22\x83\x99\x99\x99\xf9\x94)Sj:\xe3\xb9J[G\
f\xd2U\x86'hI\xeb2\xdb\xefF\x8c\x189\x8d\
\xb6e\xe2\xf2&e]F\xe3p'[\x8c\x8d\xd6\x09\
\xcas\xbf\xef\xfbSSSMMM\xbfc7\x83p\
3H\x01\x5c\x0d\x14\x0a\xfd\x06\x1dl\x94\xee\xc7\xbc\x0b\
\x0d\x9cC9\xde\xf2\x82kii9\x14\x14T\xc5q\
\x88!\xaec}\x14x\x0c\x0c\x8enJ\x18\xbc\xf2t\
\xa2D\x89\xf2\x05r\x80;\xadq\x1f\x8f)Uca\
\xbb}\x80L>R\xa5\xc20::o\xbd\xc8\x90!\
\xe33$\x22.\xab\x03{M\x03$\x932\x19\x9b\x86\
\xc9d*\x95\xca\xe6\xf7\x9a\xe31\xba\x1c\xb1\x94\xaa5\
\x06/F\xc9d\x06p&rBEE\xf5\x9d\x9d\x9d\
 A\x82\x5cKK\xeb\x88H\x8b\xfd\xab\x8f\xd4m\xb4\
\x22\x8eV\x1b*/\x19\x0a\x81z\xbd\x9e\xcc\xcf\xe73\
\xc4\xedg\x86\xda\xf3t8?\x1e\x8f\x1f2d\xc8\xb1\
X\xa6\xb2\x09\xa9\x9c\xf5\x9ee\x89\xbb\xb4\xd8V\xb4\x10\
g\xb6\xc2!\xf6@\x99\xe9\xbb\xda\x1d\xe7r\x93W\xa5\
\x09\x9c\xc3v\xbb\x8d\xc1\x9c\xc5I^\x14j\xa5\x128\
\xa1\x06\xdcf\xe3\xe2\xe2\xca\xe2 \x93\xc9\xb7a\xc3F\
\x95:\x85\xb5R}\xb5=\xb4U\x06j\x98\xe1\x02B\
\xb6\xe7\xeb9\xad\xf6\xeb\xaa=\x8b\xbdQdvr\x9f\
\xef\x09\xfc\xfd\x18\x95\xb1\xae\x93\xfc\xf0A\xce\x0ce\xf4\
\x13\xe6\xf3\x84X,\xfe\x88\x11#x\xa0\xac\xd7\xa5S\
\x87\x9d.y\x1b\x9d\xb9<x\x83t\xdcV\x03\x9a\x80\
\xfd\x88\xd2Zw\xd1\x12`P\xc6\x1b\x8b\xaf\xb6=\xd0\
e'\xaf).\x81\xb1\xb9\x0d\x87En\x8f\xe9\xe2b\
{\x12\xc7\x03\x12Y\x84\x02\xc5\x8dM\x87\xa3\xebt\xea\
L\xdd.9\x94~Bc\xc1\x82ET\x05\x98|u\
\x1f\x1f\x1f\xae7\x82-\x97\xc7t:\xcd\xd1|\xa7\xb3\
I\xd2\xfez\xb0`\x1eNNN\xff\xf9\xe9\x0a\x11\x01\
\xd2\x9e\xcf\xe7\xa7\x8b\xb2^c\x14We9\xf8\x9cU\
.\x8e!\x0f\x5c<=//\xba(4\xea7\x0c/\
\xe9-Sp\x1f0\xaatB\xd1\xd8\x10\xad\xd7k[\
\xf0\xe4\xa1\x0a\xd0\xdb\xac\x03\x8f\xc5r\xc0Y\xcd\xf7=\
#\x11\xce\xc4\x88\x11\xa3\xeb\x9a\xb51\x0e\x13\xb9\xcd&\
\xfc\x09J\xd8}\xf2\x07\xae \x11+%%u\xa3\xd1\
;\x16\xd2\x83^\xf6\xb4\xb5e\x22\x08 \x80\xc0O\x94\
\x92\xe7\xe9\xc4\x89\x13'A\x82\xc4\x0eO\x00h\xad\x03\
\x81\xd4\x16\x928\xad/d\x84W\xa2D\x89O&J\
d\xa4\xb5lBq}H\xd4rY$\xcd\xc2\x7f \
\x06\x88i\x03\x8c\xc5I\x0c\xa5z\x97\xb9j\x04l\xd3\
\xc5\x98\x8d\x14tE$\x86\x9eNy\xe4\xf0\xfb\xa6M\
\x88s\xa10\xb6\x8eB\xf0=\x93K\x17S\xad.b\
\xacU#\x13T\xfb\xce\x9ah\xae\x11\xa0\x09D8\x16\
\xa9\xcd|\xa76Wd\x91\x91\xbaI>d\xe5q\xf0\
O\x8dcyZ<\xa8\xf9\xe2\xe0\xb1\x91\x92X\x0b\x8d\
\xad\x11\xc7a\xa8\x0e\x89'\x91\xb1\x84\xceAA\xbeC\
\x93\x96\xc5Zn\xcf\x9b\x11Ok\xafBx\x9b\xbc\xf8\
\xb3Jm\x98\x0a\xfa\xa2?w\x8d\x0c\x81\xa56.\xec\
EYXX\xbe\xdf\xef\xed7\xc4\xf1\x8f\xb6H\xb8\x0e\
M61\x81y\xea<\xf5\xe4\x04`\xc2\x84\x89#A\
\x82\xc4\x04\x13L\x10\x0a\x8507\xe3\xc5S\x1c\xdf(\
\x038\xa7\x96\xd7\x8a\xe3K\xe4\x87Z\xedF\x0b^L\
\xadJo\xaf\xce\xc3!K\xc8\xe2\xa1\xa2\xfa\xf2\x22{\
\xd9\x9d\xac\xfd\x01\xae\xe2\xb8^\xaf?\x1e\xcf\x91\xc0K\
\xb0\xbeSs\xf4\xd9\x0b/\x03\x18\xdf\x1bm\xd6;\x91\
\xb7\x08\x08!\xac\x0b}\xd2\xae\xae\xaeK\x97(D\x88\
\xb3\xbaQ\xaaKwP\x1c\xa7H\xf4\x1d\xae\xa6\x83\x04\
\xa0\x1b\xc8[ g/\x05\x97\xf9xK\xac\x0f`&\
\xe7Fe|y\xf4\xf0\x9eN\xc7\x87\xd9\xb6\xc1\xe5]\
\xa0\xaa-\x95\x81\x9f\x0a\x15*.\xb9\x9f\xb9WI\xe3\
'\xef\xfeP\x1d\xa7X\xbem\xf6S\x82\x96AyP\
p\x1dK\x9d\xf1\xa3q\xfc\x98]\xceu\xb9\xe3}\x1c\
\x9c\xdfI&\xfd\x98:\xa3\x84\x84\x84^\xa5J\x152\
\xb6G9\xe8\xc7\x9f8M\xef\xedv\x5c\x00\xc2\xbd\xa1\
\x08\x81\xd5\xe8SE\xed\xd7\xeb\xb9\x90wH\x15\xea\xc2\
l6\x83\xaf\x0e\x18}-xTY\x22\x09c\x18\xe2\
,\xb4$m\xce\xba\xaf\xf7\xd4\xa1C\x07Q\x98\x02m\
u\x81\xa8\xa8\xa8\xa5\xa5\xa5\xb2\x16\x88y+\xe4<7\
!,\xd0\xc2n)H\xa3.\xc6\x5c OOO-\
\xe1\x0b\xc2V\xab\x1b\x83Z\xa8\x19\x0d\x9e\x92=\x0c\xea\
\xe0$y0ou\xe8\xd0\x01\x0c\x06\xdfj\xc2\x83(\
o\xa1\xc1I\xde\xc4Q:M\xa6\xc2\x0a/\x17\x82\x06\
|>\x1f9\x5c\x04\x89D\x22\x03\xb7rU\xb7\xd5\xc4\
\x18\x1bw\xc3\xd4\xd7\xe3b7\xf1\xcb\xca\xbf\xbc\xd8\xec\
\x7f=\xd6f\xff\x8e]\xc1\xb5\xafj\xd8\xede\xa5\xcd\
^?v\xc5\xeb\xb0\xf5\xd9\xb1{\xfd\x85\x83Q\xaf\xb4\
[\xdc,b1\xe2\xad\xbe\xaa\xd71\x9c\xfaF\xbc\xff\
u/5n\x1d\x1cz\xdd\xda\xc7\xadc\xebk\xec\xb6\
\x02\x8b\x06q\xec\xbb\x0d#\xb6h\xc7\xben\x98\xd7\xd5\
j\xf6\x95\xb8&\xe2b\xb7\x9b\x05\xe6u_\xf9\xfaR\
\xb3\xef6\xecz\x8d\xdd\xea\xb6\xfaJ\xc4\xdd\x87y\x11\
\xef+\xb1\x17\xc4\xd8\xfa\x8az\x0dc\xc7\x88_V\xae\
\xb0+\xc7\xa9\xbd\xee\xf5\xd5\x00\xb4\xbf3rX\x16\x1d\
\x90C\xc9\x06(\xc4\xa0\x81S,\xc5\xa4\xfd\xf5\xc2b\
\xcb\xbd\xfc\x9e\x8c\xecf\xc3\x1fw\xd3C\xb54\x02\xbc\
\x8c#u\xa4e\xd5I@\x8b\x9c\x80i\x93\x14T\x0c\
.\xc4\xed\xdcl\x14A{\x98\xe3\xb9\x8f\x10}!\x1c\
\xf5\x99z$x\x8a\xea\x13\xabO\x10\xfd\x16\x22\x98\xcc\
Zr\xbf\x89\x01z\x17Y\xc0\x95z~d\x19\xf0E\
\x1a \xa2\x09\x11\xc6y \x9a\xa7'9{h]=\
0\xab\xee\x01s\xc7m\xdc\xfd\xfc{\xc3\xe2PT%\
)\xb6JL\x93\xbc\x80\x14\xcc)\xcf\xbd)\xe0$\xa8\
I\x80h.\xba\x16+\xc4Xhg\x06\x87\x9e\x04\xf5\
\x91B\x98c\xbe+\x83\xd3yXG\xbd\x94!\x7f\x00\
\x19.\x18;4o\x14\x80\xad\x11@\x08\xc3\xf3\xa2\xa6\
\x0d\xf3\x92\xc6\xd9S\x8a\xbc\x9f\xa3\x9fUL\xd2\x22K\
\xbe\xa3\xcd\xdc\xec\xac\xa1\x95[\xb7\xdc\xb2[\x91P\x17\
\xa0gC^*\xe5\xe6\xc7\xbd\x92\xf5\xc8\x8do{%\
)\x18\xda\xf0\xe5g\x0d)\xcd\x88\xd3\x88\xc2$\x9e\xff\
\xa4u\x12\xdeY\x9fo\xb2\xdf\x89\xa07\x90~|\x9c\
\x04\xab\x9e\x15*\xfb\xe4\x8a\x06Ze\x1477\x0b\xf2\
\x98P{\x89y\xd1\xcf\x03%\x8a1\xd2\x9f\xc52:\
\xe6Ed\x938\x8bF\x7fq\x13\xfc\xde\xa9\x8b\x05\x95\
\xd5Yq!\x09<\x8fIf\x9f\x1c\xd8\x9d\x15K\xd9\
%\x1bt\xb4\xbc\xfb\x9c\x9a\xc5\x88`(\x0d\xa0\xce\xfb\
5\x96\xde\xd0\x19\xca\x08\xff\xd8\xa0\xe2\x94\x08\x88\x07\xa8\
\xf4Q.\x92cD\xde\x08\x8b\x02\x82\x00s\x04\xb1\x00\
\x00\x85\x02\xe2\xa0\xa0DP\xd5P\xe1\x07\x94\xc4\xe1\x8d\
\x01\x80\x0b\xc4\x00\x00\xc2\x00\x18P\x00\x00B\xa1 \x00\
l\x00\x81 \x80\x81b\x00\x00\x00\x12\x03\x80Q N\
BH^>\x03I8\x8c\x02Z\x90\x04\xef\x0c?\xc5\
\x94\xf2\xb8\x08i\x16 \xa2\xe1'*\x8fs\x84-\xb3\
h\x93\xf9\x9a*\x14\x8a\x08\xadA\xac\xe4\x81\x0c\x12b\
}\x8b\xb4\x12\xdf\x7f\x05U\xdf\x06\xe5I$\x0b\x0a8\
\xe1g\x04#@.\xd9\x8a\xd0]\x08\x8a(M\xd6.\
\xcc\xa3\x88R\x80\x92\xf3,hW\xa0\xcd\xaf\x22\x86M\
\xffMW\xe1%w\xc4\xaa\x89\xfe \xa9\xd7\x85\xf1N\
.Bq+\xdf\x0dy\xc1m\x80\xb1@\x19/\xd2\xd2\
H\xe4(\x14\x973n\xef\x05\xfd\xf8\x18{E\x8c\x85\
\x8aI\xc8^\x00\x11\x1b\xea/^\xdf\xb6\xc6\x1c\x01\xfe\
F\x14\x0a&I\x0b\xa4\x09\x22J\x95\xc3b1\x99\xa4\
\xe9\x90L\xfcx\xe8\xa6<\xb6\xacI(\xa1\xd3\xf0`\
\x92\xb9t\x92\xe9\x18\xf4o{\x83\xca\x9f\x00?\x15Q\
\xc1\x91N@\x91\xfcJ\x08C\x19\xae\x8a\xd0\x0f\x84\xa0\
\xbf.l\x0dM\xfb\xa0W\x1aN[\xef3\xff\x9f\x88\
\x88\xd0k\xb0\x97<\x0c!Bl\x83\xdc\x89\x1d\xc0\x12\
\xad?[I\x97H\x88T|\xb2\x04\x83\x090(\xed\
\x09J\xe3U\xb6\x02\x95s>6\xcd\xcdK\x0d\x91\x1f\
6E\x003=\xf2\x11a!y\xc6\xd4\xa2?\x22u\
\x10\xbcxdeq\xde\x00\xfd\xe8\xe4\xce\x0d\xa8T\xdf\
\x17\x93\xec\x97M\xe1\xfc~\x17C \xd0\xab\x877\xd7\
41\xffoe\xfe\xb0Z\xe0\xe1\xf3\x95\x8c\x06\x99E\
\xfa\x87\xd6X~/s\x93Uh\x11U|\xf3\xca\xdf\
\x83\x9c\xbc(\xdc\x0e\xd3 DM}\xd8\x05\x89r[\
\x0d\xa1\xe7\x89\x8fP\x5c\xd3\xa5\xda\x81\x10m8l\xdc\
=\xa8\xbfUB\x95\xa1C]'P\xf1\xaf$\x1d\xac\
u\x0b*\x8a\x97\xb08W\xd915\xb0\x08u\xc2\xb3\
\xfdH\xfb\xc0\x97\xf1\x909\x96?\x0a\xe6\x8b\x99\xbe\x0f\
\xe6V`P\x9d\x8a?o\x8d\xd5\xafB\xcd'Pk\
\x86\x91,$\xa0Jh\xaes\x81tM\x7f$\xc3\xb1\
\x0a\xe5\xae\xba\x18\xaaQ<fMJ\x81\x830F(\
\x08Ad\xb5\xb2\xa60\x04\x94?\x04\xf9\xa5N10\
\x045\xc6\xe0Z\x8a\xa2/ ;\xb3\xa8\xca\xa4\xbcv\
u\x94\xbeC\xf0\x1a\x84\x0b\xeaU\x85(\xc0\x9b\xc0\xce\
\x8egA\x13\xd3\x8f\xa0\xf6\x14\xbb\x9a\x8ar\x9b\xc8\xbd\
G\x938\xa3\xa4+\x85\xa4p\xbd\x91& \x92&>\
\xf42\x8e\xd2\xdd#\x80\xc2%\x05\xebu\x83\x17\xf0\xdd\
j\x09\xa1\xfa\xac\x0a\xf8\x12\x09\x03\xe0\xd6\xea \x1e\x11\
\xc1\xebd\x0d\xa0\x96\x02\x19\x98\xda\x18\x8c\xb0\x88yG\
\x06:\xa3uH\xbc\x05\x08\x83\xc8\x04\xe2\xfc\xd28\x0a\
\x17\xf2\x052\xf8\xce\xe5\xa0\xcc\xa6\xac$\x12\x94\x88\x06\
\x90v\x91ZF0_P=ax\x96Z\xff\xbd\x04\
\xa9 \xf4ST d\xc7\xabB\xc8i\x90\xbb\x1bY\
)Z^lk\xb2\x8c\xfb\xc1m\xb4\xe4\xc6\xdc!W\
\x8e\x8bE\xa8\x94\xeahtq6e\x03\xed2\xeb\xde\
\x93\xb3c=\x94\x92\xdd\xfb\x81\xdb\x96zP~=\xf5\
b\xea'h\x03b\x0eC\xe2\xc7\xfd\xa7\xa0\xd6\xca\xf3\
y\xebV\xc0\xd8a\x8f3\x86\x84r<\xff\x06\xa5\xcf\
51\xd0\xc9\xea\xa7\xe6\xc1\x9bk\x9e\xcb\x9f\xbc\x17\x98\
hm\xfa\x22\x80\xe0$\x9a\xd6\x9b\xae\x9b74\xb97\
\xfc\x13\xbdC\x84\xb1h<\xe0&\x0cj\xd9\xdeOp\
z\xb7p\x0eO\xbe\x0e\x9b\xe54\xbd0P>8.\
\x0d\xe6\xf2\xad\x87G\xfaigT\xb1\xfb\x02\xc0\xef\x9c\
\x19\x054\x1e\x18\x95\x97\xf3\xf7B\xea\xea\xd4l\xe2\xbc\
3\x0f\xe6\xee\xa1\x023\x0cH\xc6\x96g\x181\xa0y\
\x03D\xa5)\xb5\xdb\xf9b\xdfo\x9f\xc2\x95\x17l\xca\
\xfde|\x08`\xae\xab\xb9\xac\xd4\x17 >\xefou\
\xee?y\xdf\x10\xbd\xd0(\x1e7\x926\x00\xe8\x87\x07\
\xa6\x8e#\xdb\xc4'\x9bV\xa4Wph\x86\x1a6\xed\
\x97K4\x9aa\xc9\xa0\xfb\xc1\xbd\xf6_8\x83\x0d\x9d\
>\x990\xfe\xdf\xb7WO\x96\x94,\xf5\xb2{\xba\xa1\
n\xe7\xf7\xe0_\x90\xf8{<\xb9\xfc\xc0\x00+'a\
=O\x0c\x5c\xcf\xaf\x9d\x11t\xef\xcf\xc0\xb2\x02\x83\xe8\
\x7fR\xa5t\xbb\xd5\xb3\xec\xcc)\xf8\xfd\xe5\x88/p\
\x1f\x87}\xc1\x0b\xf8\x99x`T\x8cZ^\xd9\x1f\x7f\
\xe6q\xd5*\xfa\x02nR\xac\xfd\xfe\xc7\x95`\xbd\xbf\
S]\x15:\x8c\xb3\xf3\xbb\x19^\xf8r\xa6i\xd2\xf6\
\x059S\xf4\xf1L\x17\xeaE\xf0\x89t\x00G\xd5\xe7\
\xc5F)=+\x11\xa0\xc7\xff\xc5j\xbf\x07(=I\
o~\x14\xd5\xf7R\xe3\xbf\xa0{YTE.\xc8'\
G\x94z\xa7m\xaa\x0f\xbe\x22\xdf\x9cK\xfe3\xe0\xfa\
\x0b\xd3v\x0c\xfb\xdf\xc1]\x06\x9b.x\xfb\x8d\xee\xee\
\xa7,\xfb\x0cX\xe3\x17\xe6\xff\x80\xdf\x22\xe9\xf9\xf6\xa9\
:\xd1\xac\xd0\xbe6\xea\xefA\xa6q\x8f\x028\xbep\
&3\xa4\xff\xb1\x03\xda\xf3\xban\x91uE\xc9=\x22\
y\xd8\xb7\xd9\xf0\xf7\x07\xb09F\xfe\xff\x82q:\xc3\
\x12#\x7f\xd3\x0d\xeb\x1c\xde\x8b\x0a08\x96\xa2\xed\xb7\
\xbf\xe9~\x01\x82\xd9\xcd\x18\xacL\x06\xb7\xff\xb5\xcb\xab\
\xe1\xa6D_\xb8\xb1\x17R\xe2{\x1a\xe0Sm\xb1\xe3\
`L\x1e\xb0|\x0e.2\xfc0\x9a\xe0\xcf\xc5-/\
\xe7\xb1\x17\xaa9'\xf8\xe4\xfb\xdf{#\xfbB\xcf\xcf\
\xd0\xdbk\xad\xe0 \xd4\xe3R\x98\xfdo;\xeb\xc0v\
\x96)\xb2\xbc\x80Fg(}\x0e\xfd\x8ar\xd5\x7f\xd4\
|\xb4e\x03\xf7\xe4\xb2\x13\x99\xfb\x15B\x05'x\x01\
\x18v\x90\xf9\x9b\xbbk\x94\x82M9\xa3\xe5\x03r?\
3\xcf4\x92\xdd\x17\x9c\x91\xc9\x8bd\xd3\xbfG\xdf\x0f\
|\x19F\xf7\xce\xb3X\xf2\xf9\xcd\x0b\xbf\x10\x88b\x98\
\x8d\xdf\x03e\xb1\xae3d\x8c\xcf\xd3\xd1\xab|\xf7\x05\
$~_\x96\x01\xde\xdc(}k!\xec\x18uB\x87\
ke\xf7_\x96\xfc\x02\x933t\xdb\x82\xd8\xfcK\xcb\
\x05CKr\xbe>A\xb3\xf9\xf3\xc5z|\xa0\xa7\xbc\
\xff\x85\xd1V\x0fF\xfc\x9f\x9e\x1d\xe4\x93\xb0\xd7\x11\x96\
d\xf9\xe8\xd7\xb4Z\xb5\xa7n\xd0\xfa\x05\x1d_\x18\xf6\
\xb0~\xc7\xd6\xec^\xed`\x0e\xe3U4\x1c\xb6\xff\xbe\
\x9f\x9a\x95R\xc1\xff\xb6G\xae\x17Z\x82\x19&\xce\xa3\
\xea\xb9\xf5\xe3?\x10\x9b,\x99B\xb1a\xcf\xb1\xde\xfd\
\xbe&?\xc2\xf4\xf1B\xa0\x07\xe3\x17\xbe\xc1e\xeed\
\x078\xbd\x80\x9d\x1fD84\xe3\xae\xb9\xa8\x85(-\
\xb3\xbd\xf1BW\xcf\xf0uX\xbcQb\xf8F\xb3/\
l\xf7\x82>\xfd}Z\x13o\xf9t#\x9e\xffWG\
\xd50\xcb\xe8\x12\x88\xfd\xfe\xbe\xc9\x87\x85\x9af\x8a4\
C\xb9\xaf3\x17\xb9\xf0N.\xae_\xbc\x09\x04\x06\x8f\
'i\x9c\xc4\x09\xeeKW{\xbeKC\xe4\xeb\x96\xd0\
f\x06\xd6%>\xe60\x15\x98!\xb3\xdf\xfa\xc2(\x9b\
\xff\x11\xb3!\xd2\x82E\x84\xf5\xef\x8bs0\xb6\xbaH\
\xdbV\xc088\xb8\xdd\xa1\xd0!\x06\xbd\x00Xs\x91\
\xe2\x05;8b\xe88\xb4\x06/\xf0a|)\xfd\xc3\
\xfa\xca`\xf0~\x17^9\xc2\xff\x1f(r\xe1\x05\x1f\
\x81\xd78\xea\xe9!1\xfc\x02\xfbF\xb3\x83\xbb\xfb\xaf\
\xbf\xe9\x8b\x1b\xa8/\x1aD\xf2M`\xe7\x09\xe3\x0e\xf3\
PV\xf5\xf7L\xffQ\xea\xd5\x15\xc4T\xc8\x1a\x88\x17\
.\x0b\xb6\xf7)O\xa9f\x7f\x13\xde\x02\x87i\xa8\x8b\
\xe1\x9cf8FV\xb9\x9e$\x14\xab~\x92\xbb\xf2\x06\
\x07YgE\x19\xf9\xef\xadp\x1f\x82\x01\xd4\x9a\xb5\x0d\
y\xbcy\xba\x87\x99\xf1\xf9\x06@\x5c\xebe\xeb\xca\x06\
3\xf6*;?\xfdD/\xd4\x0fY\xa7o\x97\xef\xef\
R\x9e\x82->>\xdb;\x9c\x1b\xce\x91b\xeb\xc1\xf9\
|\xf7f\x0f\x8a\xcc9@\xed\x81d-\xccO\xe3K\
o'[\x8c\x8a\x7f\xd2\xaf\xbc\x96E+nT/\x18\
\xf7gH\xcdq\x91\xca\xfc\xf1[\x7fxl$ O\
S\x85\x9f6\xe9\x96n\x04\xb8\x80\x90\xe4\x05\xbcY\x9c\
ls>h\xc6\xf1\x85\x12\xfdP\x9a\xae/_\xdd}\
\x16\xb3<\xce\xda_\x98OI!\xe7_\xb0\x19\x8dC\
\xfd\xb4K\xeac\x87\x9b[\xde\x00s\x0cb\xfc\x00\xf2\
\xd3\x95\xea\xaf\xce\x17\x87\xf8\xb7\x12g\x8fc8\xf0U\
0\xc6\xd0\xfb\x04\xdf\x8b\xfe?-\x15\xf4\x9b5\xe4{\
\xc1\xf9\x03C\xfd\xb6-XX\xa4[\xf2@\xe2\x85q\
\xb7\xe0\xb8bq\x02\xa3_\xc0m\x7fM\xb6\x7f\xdd\xfc\
L\xf3_7\xfd\x08fd\xceov\xb6\xdf.\x807\
J3\xf8\xb3\x0c\xdav\xff\x0dr=\x1e\x89\xae\x1c\xcd\
\x93\xc1\xc3\xd2\x07\xe2\x83 \xb4B\x07\x08\xc6|\x84\x03\
\xbe\x12\x87\xfa\x1bH\xbeg\xc5\xa3\xad\x91[m\x89\xf5\
\xb8\xfcv(:2\xe37\xf13\xf36\xc3D\xceC\
M\xac\xff\xe9\xfb\xb1\xa1\x90d\x00\xc9\xca\xe7\x87\xc0\xfd\
\x97\xbf\xe0d\x7f\xec0\xc3\x15\xe0\xdf\xbbA\x84g\xe6\
\x03\xff\xa7/\xe57\xf5\xde7\x90^\xc0\xfcF\x99\xf9\
_\xe2\xad\xcfp\x18\xa3\xdd*\xc3K\xe1?\xb7\xd7\xbc\
`\xb3n\xa8!\xc4\x08Rs\x084\xd7wb\x81I\
\x1f0A\x5c~A\xee\x1a\xa0\xf7\x13\x8b\x1f\xba\xd9<\
\xd5\xcc\xb4B\xd2\xe2\xa1\xf0\xbf\xe2a\xc0\xaf\xb9\xf6\xe3\
\xf8\xc0\x00\xcb\x97\xdc\xe6wj\xb7x\x7f\xd8\xd3\x0b\xc3\
^\x1cj\xfa\xd5N\xe9\x1f\xbf\x14\x85\x1b$\xe1r\xd9\
Lo>x\xc4\xbd\x80o\xe1\xe6\xef\xf2\xf5\xac\xffE\
mN\xd9\xb0 \xb1\xed\xfd;.\xe0\x1dB\xbf81\
\x98\xea\xff\x95\x0a\xfa`\x8c`^@\xf7M\xa4\xe0\xc7\
!\xe5\xba\xff\x15\x16]\x1e\x80\xbf.\x15k\x86`a\
\xa0\xa1\xf7\xa4\x7f\x00(\x044M\xa3\xa8j\x1bJ\xbb\
\xc1\xa2\x09\x9a\xc7\x1f\xf5\xdax~\x99\xf5\x07\xd97\xfb\
\xa6n.B\xefQ\x22\xf2YV\xe7\xa0\xe3(+f\
\x8e9\x03\xda\xe8\x87\xb4M\xb1\xe2\x85\xe0\x1f\xcc4\x94\
2[o\x81\xc5\xc7\xa1\x92\x7f\xc2\xfd\x15\x7f\x10z\xcb\
\x81\xcb\x16&}\x14G\xf8=\x0a\xf3?\x0b\xf8a\xa8\
\xfb\xd6\x16\xd7_\x13\xda\x18\xdb\xee\x81\x99\x99\xf3\xf8\x18\
\xb9\xba\x93\xf4\x05L0V\x98\x0c\xd4-\xf4B\xa7\x0f\
P\xa6\xf5%\xdc\xca\xda\xbe\x8b\xff\x93OCn\xcf\xa5\
\xbaw\xc4\xfc\xf2PS\x07\x9f\x05p\x1ct\xbd>S\
\xe4\xfdb\xb9:\xeb\xe33\xa6_\x18\x08C\xf3\x02\xe7\
u\xf3\x1e\xbb\x1f#/\x19\xd0b\x1c@\xeb\xb9\xaej\
{\xf5\x07\xde\xfb\xed\xf4\x086\xdd\xbc{?\x0fg\xf2\
\xe8\xf8,D\x86\xc3\xc9\x7f\x14\xec\xd61\xb2L=\x06\
ryE\xfb\xc4\xd7\xb9yas\x14\x06\xf8\xe6\xe6g\
\xb2\x0e@\xe2\xbfP\xc9'\xb0\xed\xe04[\xfa~\xfd\
\x89$\xf7Z\x01\xff\xcb\xf2\xcc'\x06P{\x9d\xfd\x14\
\x13\x86\xcf\xed\xcf$9>\x8b\xfb&e\xcb\x88\x00\x10\
\x8f>W\xf3\x8c\xe0\xeb\xf0L\xcf\x14\xd0\xf8\xfd\xc5\xec\
\x04\xbb\xf4@p\xf0\x17@h\x04\xc9\xe5\x9e\xfdR^\
\x9d\xff\xa5\xf7\x09\x9c\x007\xdf\xfd\xa2.\x86\x9e\xbc\xc3\
\xf4\xdc\x00\xb4\x99\x8b:Hd\x97\x1aQ\x0f%\xd9\xcf\
@\x079\xd4?\xc6\xfb\xe1\xa3\xc7q\xfa\x91^\xb3\x94\
FW>\xa5t\xb6K\x7f\x87f1|\xee\x89w\xf9\
\xad}/\x94a\xf2\x8fV\xe0\x12\xa6\xb1G\x93\xd4p\
\x02\xd3\xf7\x17\xaa\x83E\xbe\x12\xd3\xc1V\x90\xfb\x0b\xa7\
<\x83F\xf9-\xa4g\xd1\xf3\xc0\xbf7\xd5\x9a:\x18\
\x1e#\xbc\x0d4o\x08}\x81\x1an\xda\xb8|\xba\x96\
 O\xd0\x09\xb3\xc8\xf8\xf1q\xe3\x85\xcc\xf8\xe2\x9f\x93\
M\xf7\xf2\xba\x22\xd1\x99\x02\x01f\x8c\xd1\x0e\x1e\xaf9\
\x11\xecG\x01\xf3\xe5}\xb6\xb1\x9cB\x07\xa8Q\xbd\xa7\
\x09\xab0\xe0\xd3\xe5\x10\x13\x9e\x9b>\xbb\xb9\xff\xf5\xc1\
\xb8\xfd^\xf4\xef\xbfx\xc0\xe7\xa2t6\x8a\xc3\x0f\xf1\
\xd4/\x14\x94Q\xecu\xad\x0a\x0f\x10\xa4\x95\xc2f\xca\
\x03\x1e\x09=g\x86\xdf!\xc4_\xe8Le|\xe8,\
!\x9f\xc5\xc8\xbb\xbb\x04\xe3fwW\xb6\x10 \xeb\xb6\
\xeb\xd9P~\xff\xa8\xb0@n_\x9f\xd8\xde\xfc\x0c\x89\
\xf0\xc2\xe6\xde\xf9&W\x86W\x93\xf8U\xf6\xe3\x19\x89\
j1\x17\xb1\xfa\xdb\x17\xaa4\xee\xae\x92\x5c\xf3\x09\xf1\
\xcbi\x91{$\xde=!\xdb$\xec'8\xa7X\xc2\
\x0fQ\xbdz\x17\x82<\x11\x00p\xe8Tn\xbc\xf47\
\xe5\x9f\xd8\x16\xf8\x17\xd8sR\x8d\xd5\xab\xd6\xe7o\xd8\
\x83\x86\xb9Ti\xa0\xfcuzL\x03\x82a\x07\x97\x05\
\xbe\xae&i\x9e+&\xa3\x83%\xfb\x1f\xa3\xe5\x1d\x07\
\x8e\xe5\xe4\xf9\x1f\x89Q\x00%\x004\xfb\x22\xe5\x81\xc6\
\x9f\x85\xb0\xc8 -\x17\xf1u\x80\xe6\xaf\xb9A\xe0\xd1\
\xd2\x020\xaf\x80\x11_\x90\xb9\xc8\x05c\xc6\x92\xfd\x80\
\x9b\xa0_\xe6\x9b\xc2T\xa6\x03\xc4O}!\xc7-\xfb\
e\xaf\xca_\x09\x07\xdb\xab\x97\x15\x9f\x85\x1e\x83\xbc3\
O\xbc\x0a\x1eX\xe0;\x0a6\xf4S\xef\x91\x89\xdc\x9d\
\xf1\xe7$\xe7\x85\xbd\xc9\xf6\xf1\x02\xa8\xa4\x98G\xe0\x97\
*yT(\xdc_@\xd0\x83\xd54@\xaf\xeb\x0b\xee\
/\xe0C\xcf\x9b\xee)\xa6u\xac\xe6\xe1\xf8,no\
\xd8C\xaa\x88\x0as\xe9R\x169\xb8\xebs\xafwn\
\xda\xde5_`\xff\x05X\xdb\xc1\x7f5\x85v\xf7\xfa\
*\xd1D\xb2A\xc6\xca\x00\x9e\xff\xf5\x86v\xfc\x0d\x97\
Q\xdc\xebQ\x5ch\x1d\xcb\xc9)\xb4\x07\x12(\x0c6\
\xe9\xee,\x011zp\xd9\xef\xc2l\xa5#7\xc5\xb8\
\x1a\xc7\xdf\xf8\x0a\xb1\xb5\xedm\xfd\xe6\x85\x97t\xa6\xce\
\xfc:uP\x03o(]\x222\x06\xb0h\x0e\x9d\x85\
p\x9c\xea\xcaS\x8b;\x16\x82\xd2\x89\x94\x84\xd8\x05h\
\xc2\x93\x18\x02\xb0\x01\xd6\xcf\xa4\xd2/wv\x0a\xec\x99\
\x93\x18@\x80\x01\x12\x9cS[\xf5\x0b\xbc\xe2s\xf6\xf7\
N\x8f\x0e\x9a\x87\xafr\x9a\xef\x8c8\x08\xa7lH\xaf\
\xc9\xe6\x89\xd4_\x8f\xac\x8f\x94\x91|\x96\xd1\x9f\xd7\xc1\
\xfb\xc3\xb6F\x17\xb0{\x8ej\x91\xff\xe1?w\xb3\xbd\
\xa2B\x16\xdcj\xd2\xc7\xccx\xb3\xcc\xa0\x7f\x1e\xfd\x8b\
\x14\x9aG\xcc\xca\x12&\xe2\x84Nt\x9e\xc0\x87\x96\xcf\
2\x0a\xfe\x17^\x10\xfa\x8e\xee\xe64\xe8\xe5;'\x81\
\xfb\x83\xdb\x1f\xf4{\x080\x8cq\xf8\xae\x863\xf9\x05\
Vzx\xea\xf1I\xa2\x9a\xaa*\x81\xf6(T-\xe2\
<\x82\x1b\xc2\xfdF\x9a\xf7\x00\x16z~B\xcd\x16K\
\xf4\x8bGZ@?w\xdf_]\xd2\x07\x18-\xf2\xc2\
\xc1\xef\x1f_kA\x1c\xbc\x949\xf7\xca\xe8p\xc3\x91\
\xcd\xac\xa9\x13\x09u\x94T\x03P\xfc?\xf8^X\x0e\
q\xa6.\x02\xbf\x90]\x80\xf8\x0e\xb7B\xc4\x1bo\xfb\
\x17\xbc\xf3s7\xdb\xf7\xe9R\xc6\xcc\xebG\xf1h\x8e\
\x1c`\xa2\xec\xfc\x04\xb3\x9cp_b\xf0G\xde\x08\x08\
O0\x01Z\x0f5\xed\x07g\x10O\xdb^\x00\xfa\xbc\
\x91\xcf\x8c\x14\x8c/\xb0\xd0\xbd\xce\xd4}\x80\xc6\x19\x9c\
\xd84v\x88(v\x03BR-\xa7\x90\xad\xd2\xc4\x10\
y\x05\xd7T\xb0\x7f\x8ex\xcc$*?\x14z\xb4H\
\x89\xf4\x0c\xf4P\xa4\xef5U\xc3\x13O\x13\xc5\xbeP\
pE\x8bG\x9c&]\xe1PI\x1c\xb3\x07\x8eJ\xb8\
\xdf\xae[h\xf5\xbdE\x02\x184\xfaWO\x18\xf4G\
\xe0\x0f\xc3\x7f\xbf\xc0\xf7\x94\xb6\x86\xdd\x8b\x83\xd3\x1f<\
}\x87\x17|\xf1\xa5\x5c/\x04\xe8\xfa\x00\xde\xc2\xcc\x0d\
,\xef\x05\xc26\xed7Bv\xa8\xb1\xf1;,,\xe1\
\xe8\x86\xb4\xe7\xa1\xbb@\xc8\xd99E7\xdd\xd9\x98X\
\x0b\x97\xee \x0e\xbcpH\xcc\x10:\xf8\xf9P\xa6\x10\
\x9f`\x95,r<\x22\xf2\x9e\x95\x9e\x83\x8c\xf9,\xe3\
7\x10F\xee\xd1\xf95\xba\xfa \xd7\xde\x1dw\x07o\
\x9a<\xf8k\xbe\xa0\xa4\xdf\xcels_\xf3\x85\xb9\x9c\
l\xed\xfa\x09\x93\xf3\x1f\xaa\x01(r\xf8B\xf3\xea\xe0\
\xba\x13y\xdf\xe1Y2\xce\xf1\xc7\x9b\xc3\x1c\xf9L\x11\
\x82\xb7\x10\xba\xc1\x00w\x88'\xba\x1f'\xbb\xf3\xf4f\
\xbd\x10^c\x00r\xc8\xd2y\x97\x01\xe5\xae^tl\
\xe9\xf8N\xe4\xd6{\x84Xdlq_C\xe5\x9e\x22\
\x99\xebN\xbc\x9c\xac\x9b\x1b+;\xb1\x0d\x92S\x1f\xa2\
\xdd\x98\xdf_\x80\xb4g\xe5\x0ee\xf8\xb92\xbda\xcb\
\x01\xea\xb0\xefD*\x13\xa8\xe2\x80\x86\x91\xecy\xd2\x1e\
\xc3\xee\x07\xf7\xcd\x1b\x12-\x9e\xc0\xc4s\xe0ln\xb6\
-\xe1\xe2\xa04\xd4\x17\xea\x9b\x81\x7fKt\x06Mn\
?\x88\x8c}\xad\xc6A\x0c m\xb3\x88\x10\x8d\x13\x09\
\x02\x8e:E\xf2b\xa3M\x9c\x1b\xf22\xc0\x1ea\xbf\
\xfa\xc2'^\xb8\xfd\x13\xfe\x9b\xc8\x96\xe2I\xd4Pu\
\xfa\xe9n\x8c\x19\xb6\xac\xfa,{\xff4\x1c\xe6\xb1\xf3\
\x82y?\xf5\xa3\x17\x0e\xed\xe0s67\x86#\x1a\x1f\
\xa1\x91,\xb3\xdf\x0f0\xb3\xedD\xca\xaf9\x97x\x87\
\xee\x06\xa3;\x97\xf9\x02\xc9%\x8eO\xa0\xa9\xbf\xbf\x17\
\x18Nb0\xda\xcf\xe2\x87L\xf3\x07m\x90p\xbcc\
\xa7\xe6\x92\xc6\xd8\x96\xd3;\xde\x06M\x97\xdb\xa60\x9d\
}\xe1#\xbc\x82zf\xa4i\x7f\x02\xd8/\xc8\x00<\
\x9a\xce\xe2\x9e\xd7\xa4e'\xf2`7X\xe3P\xf6\xf5\
\xa5\x1a\x9d\x051\x80\xcf\xb4\xffW\xbc/|\xe3\x85\xbb\
\xfd\xdb\xcdP\xac\x97I\xf2G+\xae/\x5c\xc0e\x9f\
\x05\xfatC\xbfi[\xe6gT\xb6c\xdb\x88\xae \
e\xfc\x0c\xdc[/\xf447\x9fO\x12+\xfd\x00\xf8\
\x03\x1dr\x80gu\xfaiXJ\xf6Y\xf27\x1eW\
\x1f\x9a\xe8(\xf1\x15[\xda\xd7\x8d\x93\x8e^\xa8g\x91\
\xde\xea\x0c\xaf~\x84>\x84\xe8 \x07\xc0\xca\xfb,{\
\xcc\xf5Y2<\xf1\xe7i0\xcd\xeb;\xd8\xc4Z\xbe\
O\x96\xef\x05i\xfe\xa7\xa3\xbaG\x0c\x85\xfa0{\x00\
!\xfe\x03@\x9d\xec\xb3\xb8\x0cU_\xec\x9d}\x00\xc0\
7\x91\xfd\xdbC\x9a\x99pvO\x84~a\xe4?i\
\x83\x95\xfd<\x7f\x11M\x18@\xac\x90R\xb8\xe0K\xde\
\x95}\x96x<\xc3\xe6\x17M\x06\x12\x9d\x018l\xe8\
s\x5c{!@\xbf\x80C\xb56\xa5z\x87\xd0\xa6\x09\
A\xdd\x5c\x8e\x13@\xfd\xfc\xeb_/\x94\xe1\xf9,\xe4\
i6>\x85\xd56\x10'\xf0\x98\xeb\xd8y\xcf\xce1\
\x83\xadl\xbc\xe0}W\xfd\x8b\xc0:\x0c\xc1T`\x0c\
@r\xefh\x12L\xf7YH\x5c\x10x\x02`g\x8c\
^\x1cn^\x1d\xa5\x7f\x8d\x90\xb4E\xd2\x22g`p\
q\xb3C\x00g\xd4\xa2\x14\x86\xcb\x00\x12\xec\x05\xae\x01\
\x0c\xb5\xd9\x03\x8b\x05\x94f\x01\xd8\x06@%\xe7tX\
\x0f\x10s\xf9\x0b2G\xfd\x85\x9f\xec\x17\x04\x91Bv\
\x034\x7f\xdfg\xa1\xfc\xc7\xcaDy\xf6\x12\x08ww\
\xb6>\xb7\xab\xdd\x7f\xd7_H)/\x84\x0cg\x87\xf4\
I\xce\xa40\x81\x00\xa9\x09\xdb\xd8\xc2\xcf\xe2u@\xb5\
\x02N\xee\xf8;\xed\xd7!`n\xdb\x1c\xee\x91e\x06\
\xfe\xd5\x0b\xb7\x13d\xda\xf9\xe1\x0b{\xe1\xba\xe9\x12\x1f\
\x10&,\xc4\xdc=\xcd\x91\xf1D:\xaf\x97\xc1\x0a\xe7\
\x0a\xb8\xac\xbd}1\xed_\xb8B\xdd\xeb\x1dz\xd6;\
\xaf\xc7\x1a\xc3\x00\x96\xf5\xffF\x12)Od\xf4)\xb9\
ss\xbf%\xd6KC\x03x0\xd2\xb7\x15\xac\xff\x0b\
*f\xa9\x9f)\xc9\x09<\xaek\x88\xa3W\x0d\x8c\x11\
\x96\xce\xcf\x12\x10\xee\x89&O\x8a\x13\x98\xf3\xfa\x80,\
F\xee\xb7>\xc3.\x92g\xa5G{\xaf\x14\xd73\x98\
\x8f\x11\xfa\x03\xb0=\x95\x9d\xeag\x11/\xd2$\x19D\
\xf3*\xfdu\xe5>\x22-6@\x8c5u\xd5\x94\xb7\
q\xd3\xbf\x00\xbf\xd8-\xff\x7f\x15\x12\xc6_\xd0\xbe\xd3\
\x0fVH[\x87:\x7f6P\xeb\xc9E#\x16\x0e\xce\
\
\x00\x00\x1e\xf1\
\x89\
PNG\x0d\x0a\x1a\x0a\x00\x00\x00\x0dIHDR\x00\
\x00\x00\x80\x00\x00\x00\x80\x08\x06\x00\x00\x00\xc3>a\xcb\
\x00\x00\x00\x04sBIT\x08\x08\x08\x08|\x08d\x88\
\x00\x00\x00\x09pHYs\x00\x00\x03v\x00\x00\x03v\
\x01}\xd5\x82\xcc\x00\x00\x00\x19tEXtSof\
tware\x00www.inksca\
pe.org\x9b\xee<\x1a\x00\x00\x1enID\
ATx\x9c\xed\x9dy|\x14e\xd2\xc7\xbf\xd5!\x80\
\x0a(*\x1e\xe0\x81\x08\xab\xa0\x0b\xb9\x09\xc8\xe1\x85\xd7\
*(n\x94$\x80\x08\x82,\xbb\x8a\x8a7*\x97\x07\
*\x8a\xeb\xb1\x1e\x88\xcbr$j\xf0@\xd7]}=\
  \x90\x90c\x82\x8b(,(\xde+\xe0\x81\x8a\x5c\
I\xd7\xfbG\xcf$st\xcf\xf4$\x93L0\xf9}\
>\x0d\x93\xae\xa7\x9f\xa7\xba\xab\xfa\xe9z\xea\xa9\xa7\x1e\
QU\x9a\xd1ta\xc4\x9b\x81f\xc4\x17\xcd\x0a\xd0\xc4\
\xd1\xac\x00M\x1c-\xe2\xcd@\xbcp\xeb\x80\xf7z\x03\
\xff\x07\x1c\xe4=\xf5\x15\xb0Ya3\xc2'\xc0f\xe0\
\xc3\xfb\x0b\xcf\xfc0^<6\x04\x9a\xac\x02\xa8\x90\xa9\
\xd0\x0e\x00\x01\xe08\xefq\x06\x08>\xd3\xf8\xa6\xd3\x97\
n\x01^GX\x02\x14>\xb8\xf4\x8c\xca\x86\xe7\xb6\xfe\
\xd0d?\x01\xa6!\xdd\xd5\x10\xd4\x10T\x043\xe0\x00\
\x15P\x03L\x83\xce\xa6\xc15\xa6\xf0\x8e)l\x9et\
\xe6\xd2\x1b'\x9d\xb9\xf4\xe0x\xf3\x1f+HS\x1d\x06\
N:si!0 \xe0\xa4@\xb8\xa7\xa1R\xfd\xf3\
g\xe09`\xe6\xecw\xce\xf8_}\xf0\xd7Ph\xb2\
=\x80\x0a\xddM\xeb\x0d\xaf9|o\xbe\xf70%\x90\
\xeeGkk\x0a\x13Ma\xfd\xc4s\x96^\x11\xef{\
\xa9\x0b\x9ad\x0fp\xdd\xa0\xa5\x87\x01\xdb\x83\xcfW?\
\x09\xa9\xfe'\xf0|\xe0i\x7f\xfa\x9b\xc0\xd5\x8f\xbdu\
\xfa\xe71c\xb2\x81\xd0${\x00\x15\xe9\x1e\xf0\xcd7\
\xac\xc3g\x13\xf8\xec\x00\xdf\xa1F\xcd\xe1\x7f\xde\x8f~\
\x9e\x1a\xac\xfb\xf3\xf9\xcb.\x89\xf7\xbdE\x8b&\xa9\x00\
\xa6A\xf7j\x81\xda\x08U\xfd\x84\x1eL\x0f\xa1\xd5\xd0\
\xdb\xaaP0\xe1\x82eW\xc6\xfb\xfe\xa2A\xd3T\x00\
\xa1{\x80@\x9d\x85Zc\x0f\x84\xa3\xd5\xd0\x13LC\
\xe6\x8e\xbf\xb0pR\xbc\xef\xd1-\x9a\xa4\x02\xa8\xd0=\
\x0a\xa1Z\x9f\x07\xb1\x19.\xfa\x7f:\xaa\xe9\x88)\xcc\
\x1awQ\xe1=\xf1\xbeO7hrF\xe0\xf8\x0b\x97\
\x1d\x08\xf29p\x98\xef\x5c8#\xcf5-\x88\xee\xa5\
m\x07\xd6\x00\x8b\x81%\xcf.\x19\xf8}\xf4\x1c\xd7/\
\x9a\x94\x02\x5c}Q\xe1Q@\x81B\xbf\xea\x93\xa1B\
\xfb\x05\xd8\x0b\x1c\xea@\x0f\x84\x84\xa1\xf9\xae\xb3\xca\xfc\
\x04\xfc\xf9\xb9W\x06.\x8c\x8e\xeb\xfaE\x93P\x80\xb1\
\x83\x0b\x8f\x00\xfa\x03\x8f\x01G\x07\x09\xed{\xe0\xef@\
\x19P\x0e\xfc\xf7\xd9%\x03\xcd\xab..<A!\x0d\
\xeb\xb8\x1c8\xdeW\x9f\x06\xf5\x04\xc1\xd0\xa0ad\xf5\
y\xeb\xbfE\x08\x13\xe6\xbd4\xe0\xa7Z\xdfP\x0c\xf1\
\x9bT\x80\xab\x86\x14\xb6\x00\xce\x00.\x05.\x06\x8et\
\xf0\xf2\xfd\x13\x187\xf7\xd5\x81\xdf\x84\xab\xef\xca\xa1\x85\
mA\x1e\x04\xc6\x11$\xd9@\xdfA \xc2|>\xd6\
*\xf4\x9d\xbfx\xc0\xaf\xe1\xdam\x08\xfcf\x14`\xcc\
\xc5\x85\xad\x80AXB\x1f\xac\xe2\xed\xc2\xed\xf1\x8b\x0a\
\xd7\xfc\xfd\xe5\x81\xf3\xa2ic\xd4\xa5\xcb\xcfR\xab\xb7\
86\x1a\x81\xfb\xf54\xdf\x00\x87c)\xe4\x0b\x0b^\
\x1c0,\x9a\xf6\xeb\x03\xfb\xbd\x02\x8c\xbe\xa4\xf0l`\
\xb4\x0a\x7f\x00igW\xc6\xe6-\xbdb\xdeK\x03\xe6\
\xd7\xa6\xbd\x91Y\xcb\xd3\x80\xd5j7\x93\x1a\xde\x1e\x98\
\xb7\xf0\xc5\x01W\xe6^\xbe\xfc\x00\xe0a`<p\xfe\
\xa2\x17\x06\xbcY\x1b>b\x85\xfdV\x01F\x0d]\xde\
\x15a6pa0-\x82\xe5\xfe\xfa\xfc\xc5\x03\x06\xd7\
\xa5\xed\xe1\x97-\xbf\x07\xb8\x1d\x22\xd9\x03\xe2O\xdf\x07\
t\xc9{\xbe\xff\x979\xc3V\xb4\x00\xd6\xaa\xb0\x07H\
\xcd\xcf\xef\x1f7!\xecw\xf1\x00W\xfcqy\x1b\xe0\
\x0e\x0c\xae\x07Z\x82\xf3w\xd8\xe6\xa9~\x8f0\xce\xff\
\xc4\xf0\xcb\x96\x9f\x01\xdc\x05\x9c\x02|\x810g\xe1\x0b\
\x03\x9e\x0a\xc7\x83i\xc84`0pj0\xcdI!\
\x14\x12\x81Q\xc0\xddy\xcf\xf7\xaf\x1c\x96\xb3\xa2\x02\xc8\
\xc1\xb2U\xde\x0b\xd7^}b\xbfq\x04\x8d\xccZ.\
#\xb3\x96\x8f0\x85\x8d\xa6p\x8b)\xb4\xf49k\x9c\
\xfc\xf4\xfe^>\xafS\xe7\xb9\x05/\x0e\xa8\x9e\xbe\xcd\
\xbd|\xf9`\x15y\xd74\xe4t\xd3\x90\x0e\xa6!)\
\xa6\xc8\x939\xc3V\xcc\x0c\xc7K\xde\xf3\xfd\xf7\xaa\xf0\
@u[63\x86\x01\xbc\xd4\xf0\x98\xed\xab\xc3\x14\xf6\
zi}\xeb\xf3\xb9E\xc2~\xd1\x03\x0c\xbfl\xf9\x11\
\x08/\x03\xa7\x01\x11\xe7\xed\x83\xba^\x7f\x94\xfa\xffa\
\x1a\xf20~\xfd\x86_Or\xd3\xb0\x9c\x15O<\x9f\
\xd7\xff\x0b\xa7\x16L\x83\x92\x90\xebj\xae\x0f\x80\x1f\xbd\
G\xd6\xf0\x15=\x11\xb6b\xf0G/\xad\x93S\x1b\x0d\
\x81F\xaf\x00\xb9\x97/?\x11\x91\xb7T8\xd1\xa9L\
\xb8\xefp\xd0\xe7\xa1Z\x01\x86\xe5\xac8\x22\xa0\xce\xc0\
:\x0c\x85\x14\xc0Y\x01\x84\x8dX\x81!m\x83\xaf\x0f\
T\x08\xa9\xfe\xcf{\xfen\xac\xba\xdbx\x0b\xb4u\xe6\
\xbe\xfe\xd1\xa8?\x01\xd9\xd9+RLCV\x9a\x06'\
\xba\x0c\xd4p\xeaz1\x85\x1f\x9f\xcf\xeb\xbf\xd9W\xb7\
i\xb0C\x0d\xf6:~>\x0c\xbe\x0b\xc7[\xc1\xc2\xfe\
\xa6\x1aR\xee\x9b\x0f\xf0\x9f#\xa8\x9e\x170\xc4.\xd8\
\xe4\x22S\xe8\xe4\xc7\x7f\x5c\x83N\x1b\xad\x02\x0c\xcbY\
q\x96\x0a\xcbL\xe1\xc8\xe0o\xad\x1a6\xc2\x0e\x16x\
\xe84\xeeN\xff\xfa_\x5c\xd8\x7f\x8f),\xb1\xe8^\
\xa1\x19\xd5\x13<[L\x91\xb2H<\x9a\xc2/NJ\
ik\x0f\x04\xf1\xef\xa5y\xea\xef)FF\xa3T\x80\
\xcbrW\xfc\xd1\x14\xfee\x1a\xb4\x0d\x17\x8c\x11~\xde\
>D\xa8\x9d.\x1d\xf9\xfe\x91\xfe\xed\xa8\xc85\xa6!\
\xa5Ao\xe97*\x0c{i~\xbf]\x91\xf84\x85\
\xd4h\x94\xd2\xa6\x87\xaaT\x83\x88\x8aV\x9fht\x0a\
\x905bE\xb2\x1a,P\xc3k\xe5\x07\x0b\xb5F\xa0\
\x01]\xafF\xeez1\x854\xff\xb6^\x9a\xdf\xef[\
\x15\xfa\xa80T\x85\xe9\xa6p\xa5ip\xca\xcb\xff\xe8\
W\x1c\x89\xcf!\xa3\xdf\xef\xa4\x06G\xd9|:\x1c\x22\
\x88\xbc|\x1a~\xf7 \xf2\xc8ks\xfbm\xab\xbf\xa7\
\x19\x19\x8d\xca\x08\xbct\xe4\xfb\x87 \xb2\x18h\xed\x7f\
>\xa2\x91\xe7<\xf6\xb6PCO\x03\xde\xf0/\xf3\xca\
\xbc~\x95\xc0+\xde\xc35L\x91\x1ae\x8a4#h\
?j\xf9\x12\x98\x16M\x9b\xf5\x81F\xd3\x03\x0c\xbd\xe2\
}Q\xe1\x1f\xa6\xd0\xc5\xe9[\x1a\xee{\xea\xb2\xeb\xcd\
\x1e<\xfa\xfd\xd6\x91\xb9\x89\x0c5\x18\xed.\x98$\xc8\
'QC\x9f\xf8\xc6\x9c\xd3~\x89\x05/uA\xa3\xe9\
\x01L\x83\x9b\xb0\xbck\xd5\xa8c0F\xe0I\xeb\xe7\
I\x0a\xd3\x81\x9bk\xcb'\xc0\x05\xe3V\x0eGjx\
\x0d\xd7\x0b9\xd0\xcb\xde|\xea\xb4\x97\xeb\xc2C\xac\xd0\
(z\x80!\xa3\xdfOR\xe1^\xc77\xd8\xee[\x1a\
\xfa=\x0d\xb5\x07\xecC\xbe&\xfda\xec\xca\xcc\xda\xf2\
z\xfe\xd5+;\x9a\xc2\xa3a\xac\xfa\x08\xbd\x94`\x8a\
|\x19\xcb\xe7W\x174\x0a\x050E\x1e0E\x12\x9c\
\x04\x1a8\xb6\xb6\x15j\xc4\xae\xd7\x8ff\x98\x06\x0b\xce\
\xbfze\x8fh\xf9<w\xfc\xca\x8e\xa6\xc1\x0bj\xd0\
\xbeF\xa8A|F\xba\x07\x8b\x87\x1d\xf5\xf1\x1ck\x83\
\xb8+\xc0\x85cW\x9ec\x1a\x0cr%P;{\xc0\
\x08}\xd3\x5c\x8c\xbd\xbb\x9aB\xf9\xb9\xe3W\xder\xee\
\x9fV&\xb8\xe1\xf3\x9c\x09\xabrMC\xd6\x99\x22\xfd\
\x02\x05\x8eSO\x13<\x0f\xe1\xaf\x94\x8dF\x01\xe2j\
\x03\x5c0n\xa5\x81\xf0\x80\xefoW\xdfR\x9b2\xee\
|\xf1!\xf6@+\x85\x99\xc0\xd0A\x13V=\x00\x94\
\xbc\xfd\xb7\xbe\x9f\xfb_w\xf6\x9fWu\xc0\x1a9\x8c\
E\xb8\xc4\xffz\x97k\x08\xed\xe94+\x00`Y\xe5\
@\xaf\x88\xd15`c\xe4\x89-\xbd\x16\x81\x9b\x19\xc0\
b\x158\xeb/\xab\xb6a\xcd\x17\xec\x02\xd2\x10\x8e\xab\
n\xb3\x16\x8a\xe9\x87J\x85m\xc06\x84\xad\xc0[\xce\
\xb55,\xe2\xaa\x00jpM\xf5o\xc0\xe6-\x0d;\
\xb6\x8eD\xaf\xc5[\xda\x018?\xa0^\xfbr\xa6\xc2\
w\xc0Vj\x84j\xfd\x86\xad\xea\xf7\x1b\xd8\x8a\xc8\x8f\
\x85\x8f\xf4i\x94\x917q\x8b\x08\x1a4aUO`\
m\x0d'\xd6\x7fa\xb9\xa9C\xd7\xeb\xe2-u\x1b\xe0\
y\x1b\xf0`\xe1_\xfbV\x85ae\xbfA\xdcz\x00\
\x15\xc6F\x9e\xd7\xaf\x95P?\x06\xa6\x00\xbb\x15f\x01\
\xddl\xca\x04^\x0f \xa1\x05\x1c>'\x9d\x80n\xfd\
\xaf_\xbd\x0d\xf8a\xc5\xec>\xa63\x87\x8d\x1fq\xe9\
\x01\xce\xbcf\x95\x81\xd5E\x86D\xee\xba6\x04m\xca\
\xa9\x15y\xdb\xb3\xf0\xaf}\xbf\x1a8qU/D\x8a\
\x81V\x8e\xd7\x07\xd5Q\x8b\xcf\x8d\x89\xf5)\xd8\x0el\
Wa;\xd6}m\xf7\x1e\xfe\xbf\xb7\xab\xb0m\xd5\xac\
>;C\xab\x89\x1f\xe2\xd2\x03\xa85)s(\x84\x17\
h(=\xe2[z\xdd\xf2G\xfa|5\xe0\xfa\xd5\x07\
a\xc8\x0b\x1a$|/v\x02\x07 \xd6\x10\xb8N\xd6\
\xbcUG\x07\xef\xe1\xcc\x9b_=}nZ\xbd\x1b\x9f\
B\xf8+\x88\xb0\x0dx\xa1\xe8\x81>\x1b\xc3\xb7\x1a[\
\xc4E\x01LaP\xf5\x1fn\xba^wo\xe9\xc7\xc0\
\x22o\xfd\x0f\x02'\xd9\x15S!\x17k\x15\xd0\x95\xde\
\xe3\x84 \xba#bdG\xb4\x06\x8e\xf1\x1e\xfe\xf7\xef\
\xeb\x8bg8\xd7\x1e{\xc4\xa9\x07\x90\xb3\xeb\xd8\xf5\xfa\
\xd5U\xfd\xf3\x9e\x95\x0f\xf51O\x9b\xb4\xfa\x94\xe0\xc8\
_\xbf2\x8bW\xcd\xea\xb3\xc4\xfb{F\xdf\x1bW\xdf\
\xadVT\xee\x18\x84\xa1\x04\xcdB\x86\xb4\xedj\xb8*\
\xe1\xe9V=\x0al\x02\xca\xd4\x1av\x96\x01\xe5%3\
3\x1b|\xb9X|z\x00\x83.\xe1\xe8\xee\xd6\xde\x05\
`\x13\x90\xef\xa5\xcdRH\xb0\x11\xd6\x8fP3\xec\x04\
X5\xab\x8fb\x85d\xbf\x97y\xf3\xea\xf6@\x8e\xc2\
\x18 9\xe0\xcaHB\x0d\xef\x98R\xac\xdc\x83e@\
\xa9z\x85]z_f\xa3p\x06\xc5\xc5\x08<m\xd2\
\xea]D;\xe7\x0f\xe1\xe6\xfd\xaf,z\xb0\xcf\xbc\xcc\
\x9bV\x0fB\xf8?\x87\xeb\xc7\x16?\xd0\xe7Y7\xfc\
e\xdcR\x94\x8c0\x06+n\xbf}\x94=\xd4f,\
![o\xb6P^zo\xe6\x8fn\xda\x8d\x07\x1a\x5c\
\x01\xfa\xde\xb8\xba-\xf0\x93\x0b\xa1\xd6 \xfc\x1b\xf6)\
\xf0;D\xaa\x80\x0a\xa0\xa7M\x99e\x08g\xae\x99\x99\
\x19\xd5\xcd\xa6\xddV\xd4\x1a\xb8\x04\xabW8\xb3\x9a\x93\
\x9a\xe1\xeb'\xf8\x0b\x1b\xca\xcb\xee\xcd\xfc!\x9a6\xe2\
\x8d\x06\xff\x04\x98b\xad\xd4\x0d\x86\xfd\xb7R\x22\xd0\x01\
xm\xcd\xcc\xcc\xca\x8c[\x8b\xceR\xaf\xf0\x83\xca\xec\
\x06\xc6\x95\xdc\x17\x9d\xf0\x01J\xef\xcb\xdc\x8d\xf5i\xc9\
O\xb9\xbd\xe8\x04\x84?`=\xb3u@Y\xf9=\xfb\
\x97\xb0\xed\xd0\xe0\x0a\xa0\x86\x1cQ\xfd;\x98\x18i\x92\
'\xa8\x9c\x97\xbe\x15\xc0\x14:\x07\x97\xf1\xd2\xff\xe3+\
\x13\x09)\x93\x8b\x0c,\xc7QO,\x97\xeej\xcf=\
\x99{\x01\xca\xef\xcd\xfc\x14x\xdcM=\xfb\x13\x1a|\
:\xd8\x14\x8e\xb0\x9b2\x0d\xbb\xb4+xZ5\x90>\
\x04@\x85\xbf\x9b\xc2\x02\x9bX\x80t\x15\xd6\xa7L.\
\xba\xc8\x89\xa7\xe4;\x8aZ$\xddQ4\xd9\x14~2\
\x85\x8fM\x83\x17M\x83ej\xb01\xe9\xce\xa2AN\
\xd7\xfd\x16\xd0\xe06@\xdamE\xe3\x80\xa7\xad\xd6#\
\x0c\xf1\xbce\xc2\xc1{\xfdd\xcf=\x99\xf7&\xdfQ\
\x94\x00,\x04\x86\xf9\xd1\xf0\xb5\x05|\x00<\x03,\x01\
\xbe\xaa\x98\x91\xa9\xbd\xee,J\x05\xe6\x02\xbd\x1c\xac\xfd\
*\xa0\xff\x07\xd3{\xaf\x0e\xcfI\x0d~?\xa5\xf8p\
\x15\x8e\xc4rv\xed\x04\xd6\xad\x9b\xda{\xaf\xdb\xeb\x1b\
\x12\x0d\xae\x00)\xb7\x17\xdd\x890\xdd\x89\xee\xda8\x0c\
\xa5O\xab\x98\x919\xb5\xd7\x9dE-\x80\xfb\x81\x09@\
\xeb0v\xc4n\xaa\x0dH\x12\x1c\xca\xf8\xf0\xe2\x7f\xa6\
\xf5\xbe\xdc\x89g\x80S\xa7\x15\x1f\xa0\x90\x0b\x8c\xc4\xca\
A\xe4\xcf\xe1>\xa0B\xe1\xee\xf5Sz\xbf\x16\xae\x9e\
\x86F\x83\x7f\x02\xd4\xe0@7K\xb9l\xe9\x02\x1a\x92\
\x96\xad\xfa\x98\xd2\xf3\xae\xe2e*r\xe2\xda\x19\x99\x93\
\xd4\x90\x13\xd4\x90Y\xa6\xb0\xd3\xf6\x93\x22\xb4V\x83\xee\
\xa6A\x82_\xfd\xcfy\xd7\x08LS\xa1\xca\xef\xb3S\
\x18\xee\x9ezL/N3\x05\x8f\x0asT\xe8\xaf\x82\
\x04E-%\x9a\x06\xe9j\xb0\xa4\xfb\x8c\xe2\xf7\xba\xcf\
(>\xa5\xa1\x9ew$4x\x0f\x90tg\xd1\x04\x85\
'\x02\xb9\x88`\xed\x83\xebI\x1b\x85=\xc0}\xc0}\
\xeb\xa6\xf6\xde{\xea\xd4\xe2\x83\x80L\xac\xb7\xb2\x9f\x0a\
\xc9Xy\x05\x0c \x81@\x7fD\xfb\x0f\xa7\xf4\xfe\x11\
\xa0\xc7\xf4\xe2\xbe\xc0E\xc0\x9b\xeb\xef\xea\xed\xa8\x00\xdd\
g\x14w\xc524[\x07\xf1\xf6#B\x22p\xa0?\
\xf7^\xfa\xf7\xc0\x80\x0dw\xf4\x8e\xfbf\x14\x0d\xae\x00\
=\xef*\xbe\x00\xdf\xe2\x8c\x18\xc4\x00\x84\xa1W\x00g\
\xf8\x04\xea\x84\x1e\xd3\x8b;\xa95\x85\xdc\x06a\xfcG\
w\xf6~:\x5c\xf9`\x9ctw\xf1\xdb\xc0\xd9\xde?\
\x15\x91'\x80\xc77L\xce\xd8\x00p\xd2=kD-\
\xcf\xe2\xe3@\x1f\x1f\xcfX+\x8f{l\xbc=#\xae\
k\x03\xe2\xf1\x09\xd8\xe2\x18@\xe9`\xf1\x07\xd3\x03\x82\
A\x9d\xe8B\x92w\xadAX\xac\xbf\xab\xf7WjE\
\xfa\xa2\xe2\xcd?\xe0\x12\xbf\xbbg\xcdp\x159\xdb/\
D\xfd\xf2\x0d\x933\xae\xf1\x09\x1f`\xc3\xe4\x0c\xdd8\
9\xa3\x5c\x85\xd3\xd4\xe0~\xbf\xd1\xce\xb1\xa60\xb96\
\xcf0\x96h\xf0\x1e\xe0\x94i\xc5\x07\x02!s\xe2.\
\x02)-D\xe79\xdc\x09t\xf9\xf8\x8e\xdea\xfd\x00\
'\xdd\xb3\xe6P\xb5r\xfe<\xb5qr\xc6\xa6\xf0\x9c\
\xd4\xa0\xdb\xbdk\xdeE8\xd3\xdb\xfe_7\xdd\x96q\
\x1d@\xd7\xfb\xd6t\x07\xfe\x02\x1c\x0b\xecPa\xe6\xe6\
[3><q\xe6\x9a\xd6\xc0\x06\xa8\x8e5\xdc\x05\x1c\
\xb6\xf9\xd6\x8c\x88\x0bQ\xeb\x0b\x0d\xee\x08\xfapJ\xef\
_{L/\xde\xaa`9\x84\xea\x1e\xa2\xe5-c;\
\x84;\x08\xb8\x16\xb8#\x1cO\x1b&g|\x0f\xdc\x18\
\xae\x8c\x1dL\x83\x93\xfd\xfe|\x0d\xe0\xc4\x99k\x8eB\
(V\x09H\xfc0\xa4\xcb\xfdk\xce\xfa\xe4\xd6\x8c\x92\
.\xf7\xaf\x99\xa2V\xaa9\x10\x0e\x00\x06b\xed7\x10\
\x17\xc4e]\x80)l\x09\xb6\xf6CG\x04\x12\xce\xe2\
\xf7\x9d{G\x0d\xb9I\x0dy\xda\xeb\xc4\xb1\xfb\xac\x9c\
\x1d\x99\xa3\xe8\xd1\xe5\xfe5\xadU\xe8\xe8\xc7\xfbz\x00\
\xd3\xdac\xa8\xad\x0a\xebTxL\x85\xddj\xed02\
\xc3{\xef\x9e\xa0{\x1f\x10\xbe\xa5\xfaE\x5c\x14@\x0d\
\xf9\xc4Q\xa8\xd5B\x0f\xe3\x19\xb4\x1e\xa0\x9a\x06\xc36\
\xde\x9e1k\xe3\xed\x19\xe3U\xe8\xa6\xc2\x9b\x01\x0ae\
\xd9\x09\xa9'\xce\x5cs`\xcc\xefA\xd8g\xd6$z\
B\x0d+\xf6\xf0\xd3\x9b3\x8aT\xe8l\x0aI\x9f\xde\
\x9cq\xadi%\xb4B\x85\xb3\x8f\x9fU\xd2J\x0d\xd9\
\x1et\xdfGDj\xab>\x11\xaf\x1e\xe0M7\xee\xe0\
\x10\xe3.\xd0x\x5c\xbf\xe9\xb6\x8c\xea4.\x9bn\xcb\
\xd8j\x1a\x0c5\x0d\x96\x07\xad\x22j\xa1\x12\x9a\xce\xad\
\xae\xf8\xf4\xe6\x8c*5\xa4\xc0\xaf\x87\x1a\xe1\xa3m\xb9\
)\xe3\xb3\xcfn\xca\xa8\x02PC\xdax\x97\x8a\x89W\
a\xbe\x0b\xba\xb7\xc3\x9c[\xa9\x7f\xc4\xa7\x07\x10^\xf1\
v\x8d\xceK\xaa\x82\x85n\x84\xd0>\x0f\xae\xf7\x93[\
2v\xa9p\x91ZN\x19\xff^\xe4(_\x99\xce\x0f\
\xae9\xb0\xf3\x83k\x8e\x8d\xc5}\x98\xc2\xe3~\x0a;\
\xf6\xd8\x87J\xe6\x1f\xfbP\xc9\x01>\xfa1\x0f\x97\x1c\
g\x0a\xd7z\xefk\xe5\x17\x93\xd2U\x85\x13\x82\xee-\
\xae\xeb\x05\xe2\xa2\x00\x9bn\xcb\xf8\xc94\xf8\xa7\x8dP\
C\xd7\xf49\xd1\x05\xdb\xb8\xfcOo\xce\xf8\xc9\x14\x86\
\x98\xc2n?\xcf\xe1\x91\x00\xc7\xcf*9\xd7\x14\xf9\xc4\
\x14\xf9\xfc\xb8Y%Q\x0d\xf9\xec\xf0\xc5\xa4\xf4\x22\x15\
\x16\xfa\x09t\x84i\xf0Q\xa7\xd9%\x85\x9df\x97\xbc\
\xad\xc2\xc7*\x1c\xe9\xa5?\x02P\xbd\x0e\xb2\xe6\xde\xc2\
&\xaa\xaeo\xc4mq\xa8\x0ayv\xc6_DWp\
\x8dP\x1d\xdf\x9c\xcfn\xca\xf8B\x0dy\xcc\xda\x00\xca\
\x8aA8\xf6\xa1\x92\x01\xa6\xf0o\xaf@>V\x83\xaf\
bq\x1f\xa60\xca4\xacYH/\xcf\xc7\xab0@\
\x85\xb3U8\xc0\xab\xcc\xd3\xbe\xba>\xfde\xef}\x0f\
\x0aRh\xd7\x93L\xf5\x81\xb8)\x80)\xfc\xcb\x14v\
\x04\xf8\xf7mv\xf1\xd4`\xe3\xb0F\xa8\xe9\xc7>T\
\xe28\x884\x85\xfbL\xe1\x07\xdfH@\x85{T\x10\
\xd3`\x8eip\xea\x177\xa4o\x89\xc5}|}}\
z\xd5\xd7\xd7\xa5\x8fTk\x1b\x9a)\xa6\xf0\xa1\x97\xbf\
\xbd\xa6\xc1\xabj0\xf4\x9b\x89\xe9S\x01\x8ez\xb4$\
Q\x85\xd3\x83\xe66V\xc6\x82\x8f\xda\x22\xae\xc9\xa2\x8f\
{\xa8d.0\xba\x0e\xae\xe0>_\xde\x90^\xe4D\
\xec4\xbb\xe4f\xe0\xfe\xa0i\xe5\x8b\xbf\xbe.\xdd\x17\
\x19L\xc7GJ\x92\x15\x06#<\xfd\xcd\xc4\xf4\x98\xec\
\x02z\xe4c\xa5\x06 \xdf^\x93\x16\xf0\x99:\xe2\xb1\
\xd2\x09\xf8\xe6A,~\xbe\xde\xfa\x97\xb4\xa6\x9b)\xd4\
\xb4\xb2}\x8f\x0c\xe6#\x92W\x10\xf0\xc5\x0a\x0c\x01\x1c\
\x15\xc04x\x14+\x12\xf8\x18\xbf\xd3\xb7\x1d\xf5\xd7\x92\
\xe5\xc0\xaf\xc0\xb5\x18L\xc7\x9a\xc8I%(EMm\
\xf1\xed5i!\xcb\xc5:<^\xda\x19\x83\xfb\xaby\
\xb7\x90\x17\x8b\xf6\xea\x82\xb8\xa7\x8b\xef4\xbbd\x160\
\xc9U\xf0G(\xfdk\xa0\xe77\x13\xd3\x1d\xb3z\x1e\
\xf5h\xc9P\xe0\xa5\xa0\xbb\xacBd'\xbe\xdd\xc3\x01\
\xb5\x02?Zn\xb5\x11^]q\xf8\xdfJE\xe1\x1d\
\xac\xc0R\x1f\xf6\x02'|7!\xed\xebX\xb7\x17\x0d\
\xe2\x9e!\xc44\x98j\x1a|\x15\xec\x15t9\x22\xe8\
h\x0a\x0b\x8f|\xd4\xd9\x16\xf8\xdf\xb5\xe9/\x9b\x22\x8b\
\x83l\x89\x04\x15\xda\x05\x19\x97\xa6Z\xae\xd9\xd8\xdf\xa3\
p\xb3\x0ag\x06\xf1??\xde\xc2\x87F\xa0\x00\xdfL\
L\xffE\x85\xebl-\xfe0\xae`?\xcf\xe1yj\
H\xd8Y55\xb8\xca4x\xcd&}\xac\xbf#j\
\xd1\xb6\xbf\xa4\xc5t\xe1f\xfb'K\xa5\xfdS\xa5\xf7\
\xab03H\xf8\xa6\xfaeF\x89'\xe2\xae\x00\x00\xff\
\xbb6}\xb1)\xf2V\x88\xc5\x1f\xde\x15\xec\xef@\x9a\
z\xf8\x13\xa5g9\xd5\xbf\xed\xcfi;T\xb8X\x85\
q\xfeN\x22\xef\xb1\xdb4\xb8\xcb\x14\xae\x8e\xe5=\x1d\
\xf2TiK\x15\x16)\xdcl\xb5\x13\x90\xcd\xf4\xe5\x1f\
\xc6\xa7\xfd7\x96\xed\xd5\x16q\xb7\x01|\xe8\xf0Di\
\x17\xac\xb5r\x878\x16\x0a?\x22\xd8\x03\xdc\xf4\xdd\x84\
\xb4\xc7\x22\xb5u\xe8\x93\xa5\x9d\x80\x8e\x0a\x95\xc0g?\
\xfc)-\xa6\x1b:\x1e\xfct\xd9\xef\xb1\x82O\xadt\
t\x81\x1f\xa8\x9d@\xca\x8eq\xa9\x0d\xba\x0a\xd8\x09\x8d\
F\x01\x00\x0e\xfb[\xe99\xc0\xbf\x80\x90\xcc]nF\
\x06\x00j]\xff\xa7\x1f\xfe\x94\x16\xe2*\xaeo\xb4{\
\xa6\xac\x0dV\xfa\xd7k\xf1\x1f\xd9\x04\xf2~\xd5Oc\
S\xe76(ca\xd0\xa8\x14\x00\xe0\xd0'K'\x82\
\xe56\x85\xc8\x81 \xfe\xf0\xbb\x93=\x08O\x00\xf7\xfe\
xuZ\xd8\xbc\xff\xb1@\xbb9e\x07{#\x82o\
\xc7n\x07\x90\x1a\xde\x17\xff|UjV}\xf3\x13\x0d\
\x1a\x9d\x02\x00\xb4\x7f\xaa\xf4Y`\x8c\xf3\xca\xa1Pm\
pX:\xb6\x03\x98\x07\xcc\xd91.5\xe6\x01\x98m\
\x9f-\xeb\x07\x8c\x05\xb2\x94\x08#\x08\xa1\x148\xf3\x97\
1\xa9?\xc7\x9a\x8f\xba\xa0Q*\xc0!O\x97\xb5\x04\
^W8'\x80\xe0\xd0\x0b\x84Y7\xe8\x8f\xd5\x0a\xcf\
\x02o\xfd<6\xb5\xd6\xf3\x00m\x9e-\xeb\x00\x8cD\
\xb8\x0a8\xd9\xe5\xd3\xfbX\x85\xfe\xbf\x8eN\xdd^\xdb\
v\xeb\x0b\x8dR\x01\x00\xda=S\x96\x88\xf5\xf6\xe6T\
\x9f\xb4Q\x80Hnd\x87\xb2\x9f\x01+\xbdG\x09\xf0\
\x03\xf0\x0b\xd6\xae\x22;\x7f\x19\x93j\x1e4\xb7\xac\x15\
V\x96\x91\xee\xde\xa3\x87\xf7\xff\x93\x80\xc4\xf0\x06i@\
\xc3\x9f+\xf4\xdb5:\xc5q\xff\xa1x\xa2\xd1*\x00\
@\xdb9e\x02<\x04\x5c_}\xd2\xef\xd9\xba\xe2<\
\xfc\xc8\xc1\xa9\xec\xafX\xf9\x85\x12B\x1a\xf5o;\xb2\
]R\x08\xe4\xec\xba2%\xee\x0e\x1f'4j\x05\xf0\
\xa1\xcd\xb3e7b\xa5u\xad\xce\xfcQw\xe1\x07J\
\xcf\xa5@\x03\xdbv.o\x02\xf7\x02Sw\x8fJi\
\xd4\xf9\x04\xf7\x0b\x05\x008hn\xd9i\xc0\x02\x84\x13\
\xec9\xae\xf5[ZS\xd6E\xf9HK\xda\xb1\x96\xa2\
\x8f\xd8sEJH\xa6\x92\xc6\x88\xfdF\x01\x00\x0ex\
\xae\xbc\x1d\xc2\xe3\xc0\x88\x88\x85q\xaf\x00\xe1\xb2\x918\
\x96\xb3/[\x08\xe4\xec\x1d\xd9x\xbb\xfc`\xecW\x0a\
\xe0C\xeby\xe5\x17a\xad\x00\xeenGw!(\xfb\
ra\xcaF(\xff\x050\x1bxt\xdf\x88\xc6\xdd\xe5\
\x07c\xbfT\x00\x80V\xff(O\xc0\xca\xdd3\x0dj\
\x82>\xa3\x11\xaa\x9b\x85\xa8a\xcb!\xa5\xc0\xc3\x08\x05\
\x95\xc3\x93+\x1d\x8b5b\xec\xb7\x0a\xe0C\xcb\xf9\xe5\
\xad\x81\xa1\xc0U\xc0\xe9j'n\xd7\xc3G\x09)o\
S\xce\xc4Z\x05\xf4p\xd5\xf0\xe4\x15Q\xb2\xdb\xe8\xb0\
\xdf+\x80?Z,(?\x11\xabW\x18\x05\x1cm\x9d\
u%\xd4@\xd8\x97\xdd\x82%\xf8G\xcd\xdc\xe4\xcd\xfc\
F\xf0\x9bR\x00\x1f\x12\x16z\x12\x80t\xac,\xa0I\
\x08'`\xa5\x84=\xdc\xe5\xf0\xf1{\xb5\x9cE\x15\xc0\
2\xa0Ps\x92?\xab'v\xe3\x8a\xdf\xa4\x028A\
\xf2<m\xb0\x14\xe1h,'\x8f\xe1=\x04+D\xeb\
\x0b\xe03\xcdI\x8e\xfb~~\x0d\x85&\xa5\x00\xcd\x08\
E\xa3\x88\x08jF\xfc\xd0\xac\x00M\x1c\xcd\x0a\xd0\xc4\
\xd1\xac\x00M\x1c\xcd\x0a\xd0\xc4\xd1\xac\x00M\x1c\xcd\x0a\
\xd0\xc4\xd1\xac\x00M\x1c\xcd\x0a\xd0\xc4\xd1\xac\x00M\x1c\
\x0d\x96\x1f@\x16}p\x0cT\x9d\x03\x1c\x8f\xa1G\xa3\
b\x00_\xa3|\x8d\xc8\xbb\x9a\x93\xe4j\xad\x9c\xcc_\
s\x18\x89\x095\x1b5V\xb1C\x87\xa7\xba\xce\xb3#\
\x05\x05\x09Tv\xe9\x16p\xb22q\x8f\x8e\xe8\xf9i\
\xc4k\xe7U\x1cB\x22\xdd\x80n\x08\xdd@\xab\x106\
\xa3\xc6f\x12\x137iV\x8fZ-1\x93\x85\xe5]\
ia\x1c\x81I\x07\x84\x0e\x98t\x00m\x87\xb0\x96J\
c\x85\x8e\xec\x15\x93t6\xb6m\xd7\xf7\x5c\x80,\xf4\
\x0c\xc6\xe0.\xac\x04\x0c\xe1P\x8a2\x97\x96\x9b\xe6h\
V\x96cT\x8d\xe4y>\xc7J\xc1\xea\x83\x89\xe8\x5c\
\xb2S\xaeV73\xbd\x8b<\xd3\x10\xee\x0a:\xad\x88\
9@\xb3S\xdf\xb7osm\x06jNC8/|\
\xe5\xbc\x860C\x87%\x97F\xe4c\xc1\x07G\x90P\
5\x0e+AF\xb7\x08\xc5?\x05\xde\xc24\xa7G\xa3\
\xecnPo\x9f\x00\xc9/;\x5c\x16y\xf20XB\
d\xe1\x03\xa4!<\xc9\xbe\xae\x1e\xc9\xf7\x0c\x0cS.\
8\xb1\xa2\x81\xcaX\xf2=w\xbad\xedH;v!\
\xe1\xf0\x90\x93\x05e\x07K^\xc5\xeb`\x16G\x14>\
\x802\x18\x93\x12\xc9\xf3\xbc!y\xffi\xefTL\xf2\
=\x031\xaa\xd6b\xed\x12\x1aI\xf8`\xcd`\x8e\xc7\
\x90\x0d\x92_q\x95\x8b\xf2\xaeQ/\x0a \xf9\xe5\x97\
\xa1\xc6z\x84\xecZ\x5c\xfe{\x94\xa5\xb2\xa8\xfc\xba\xa8\
\xaeR\xa6J~\xb9\xe3\xbe@\xd1B\xa6a\xb0\xcf\xc8\
\x07\xbd\xb0\x16\x97_\x80V\xfeS\x0aV\x87,\x17\x93\
<\xcf0\x94w\xf1\xcb]\x18\x05WmQ\x9d#\xf9\
\xe51[\xca\x1es\x05\x90E\x9e\xd1\xa8\xbc\x80\xc3\x86\
\xcan\xabAd\xb6,\xaa\xb8;\xaakT\x16\xc8\xc2\
\x0fl\xf7\x0c\x8e\x1a\xdd<\xf7\x02\xe7\xd7\xfaz\xa1/\
\x95\xad\x9f\x0f8\xb5\xb0\xbc+\xe83\xd8\xac~\x8e\x0a\
*OJ\xfe\xda\x98\xec:\x12S\x05\x90\xe7+:#\
\xfaH\xe4\x92n+\xd4\xdeQ^q0R\xf5\x8a<\
\xb7\xa1m\xe4\xa2a\x9a\xb5\x96\xa5]\x1b\xa6\xc87@\
\x01\xe8\x22$L\xbeAe\xb0,\xf2\xf4\xa8\xa9\xd8\x98\
\x02\xe2\xc4\x9b\x09\x94\x22<\x04<\x89\xb0\x0c\xec\x93a\
\x02\x02\xe6\x0da\xf8s\x8d\x98\x8d\x02d\x1a\x06\xdd\xf4\
\x1faoPy\x01C\xde\xc7\xa4\x04\xc3\xdc\x03\xa4\xa2\
F&\xe8(\xacm\x5c|\xd8\x83\xea]lJ\x99\x15\
=#t\xa7\xf5\xaf\x0b\x04.qc\x14\xda\xe2\xa0\x84\
$P\xfb\xd5\xbe\xca\x18\xcdM~.\xa0\xc9\xe7=i\
\x98\xbc\x8d]r\x0b\x83\xc1\xc0z)X\xdf\x12Q\xa7\
O\xd4^\xc4<+\xd8\x08\x95E\xe5\x99\x88,\x07\x12\
m\xf8\xb8\x18+\xfe\xb1N\x88]\x0f\xd0\xad\xe2\x06p\
L}\xfe_T\x06hnr\x8ef'\xfdMs\x93\
J4;\xe5\x03\xcdN\xf9\xbb\xe6$]\x8d\x9ai\xa0\
\x1eo\xd92\xc4H\xd5\xdc\x94\x07t\x0a\xb5\xcd\xd85\
$\x0a\xa30\x14\xa2}\x1c({1\xcc\x90]\xbf\xbc\
V\x7f\x16\xd6Nd\xc18\xd7\xfao\xe7\xa1\xc0\xc16\
\xf4JD\xc7\xdb\x8d@47\xa5\x08a\x81\x03/\xed\
\xa5\xa0\xa0n\x9f\x12b\xd4\x03\xc8\xbce\xadiy\xf0\
\x14\x07\xf2f\x12[\xa5hV\x0f\xc78;\xcdM\xfd\
\x8f<S\xd6\x9b\x83\xf4d:\xfd\xfc\x91\x9e~z\xdd\
c\xec-\xa3\xd0\xa3\xd9)\xafG}\xad\xe8\xcf\x0e)\
IZ\xa2\xc6sRP6B\xb3R\x03v\xff\xd6\x9c\
\xe4w$\xaf\xa2\x0f\xaa\x99\x81|h\x05\x80f\xa5\xff\
O\x16U\xf4\x03\xf3\x98\x00\xba\x91\xb0N\xb3{\x85\xc9\
] \x1f;\xafv\xe8\xd2\x06\xa8\xd3.\xe4\xb1\xf9\x04\
\xb4j7\x08\xa5\x8d\x0dE\x11\xc6\x84\x13~u\xc1q\
\xa9\xfb\xb0v\xdf\x8a\x15|Fao\x1d\xdesC\xe4\
\xe2\xfeWV\xbd\x83:>\x9a\x8b\xd8g|-y\xe5\
/\x22\xf2\x8cf'W\xe7\xfa\xd5\x9c\xa4\x0a\xacHb\
[hnRTia%\x7f\xdd\x91\xa8^cO\xd5\
\x0d\xc1JX\x1b\xc4F\x01L\xce\xb3]}#\xbc\xae\
\xd9\xc9\x851i\xa3v\xf0\x19\x85\xbdu\xf4I\xae3\
s\xe8\xb0\xf4/$\xcf\xb3\x11\xf8\x9dC\x91\x03AF\
\xa1\x8c\x92E\x9e\x8f\x10\x9dCe\xe5|\x1d\x99Q\xab\
t4\xb2\xa0\xec8\x0c\xe3\x02\x00\x0ci\x0b\xda\x1e\xe8\
\x88\xf2G\xacmol.2\xfe]\x9b\xb6\x82\x11\x1b\
\x05\x10\xe38\xfbnJ\xd7\xd8\x16\xcf[{\x06\x98s\
qe\x83\xe8\x06\xfe\x9br\xbe\x0b{\xe0\x07 \xd4\xf9\
R[\xa3Pt\x22*\xafag\x80\x05\xd7\x8f<L\
\x8b\xc4\xfbd\x91\xe7\x19\xcc\x84\xbbuDOW\x9bU\
W#\xc1x\x05H\x01\xc0\x95gV>\xa1E\xcb\x19\
Q\xb5\xe1\x80\x18\x19\x81z\xb4\xediS\xcam\xcf\x8b\
\xd9\x1b\xcb\xbbu|\xe4C\xce\xe1\xf8e-m\xeb\xa9\
\xc1^\x12\xcd\x13P>r\xa0Gm\x14jv\xca\x9b\
\x08W\xe0^iZ!\x5cCB\xd5f\xc9\xab\x98\x22\
\xcb\x96E\xf1r\x89sj\xbcP\xfcH\x951\xa4\xb6\
\xf3\x0e\xc1\x88\xd5( \xe6\xf9u\xa3\x84jV\xea\x0e\
Z\x18\x17\xe3d\x14\xf9<\x85\xe2\xde\x09\xa3\xd9\xc9\xf9\
 \x97\x80|\x12\x05/m@\xa7\xf2\xf5\xc1\x0b\xdc[\
\xe9\x1a\xcd\x8a\xe2V\xb4\xa8\xaa\x93\x9f\xc3\x1f\xb1Q\x00\
\xa7]/\x0cM\x89I\xfd.\xa1\x97\xf7\xda\x08\x92\x83\
\xbdB\x0a*\x05\xc0\xf0\xa8\xea\xccIZBb\xcb\xee\
\xa07\x00\xd1$y\x1a\xc6\xbe\xae\xcf\xc94W\xcf8\
\x9a\x9c\x86\x07\xa0,\x96\x82\x92Z\xb8\x92C\x11\x1b\x05\
P\xb5\x9fJ5q\x18O\xcb\xc7\xb8\xefZ\x95\xcfN\
w\xbd\xf5\xba\xe6$\xfd\x0b\xc4\xa9\xbboE\xe0^\xc1\
\xee\xea\xcc\xea\xb1WsRf\x93\xd8\xaa\x13\xaaCA\
_\xc5\xda\x11<\x12F\xd2\xb5\xc2\x85\xb3\xa6E\x16\x22\
\x97 r\x09\xd6\xec\xe0DT\x1f\xc4\xca6b\x87\x8e\
\xecK\xb8\xd5-\xff\xe1\x10\x93\xe9`Y\xb4\xf6\x1c\xc4\
|\xcb\x81<Hs\x92\xdfqW\x8f'\xcff\x02\xe9\
\x07\xcdI>\xb4\xbaL\x9eg7\x96 \xfd\xb1Gs\
\x92\x03\x04+\xf9\x9e\x02\xaf\x15\xed\x0e\x22\x97hv\xd2\
\xab\xae\x8b\x17x:\xb0W\xaeBt<5;\x81\xda\
\xe1\x03\xcdI\xee\xe5\x9a\x0f\xff6\xe6U\x1cBK\xf5\
\x00\x9dm\xc8\x9b5'\xb9km\xea\xf5Glz\x80\
\x9d\x95K\xb1v\xc4\xb6\xc3\x5c)(\xb3\xf3\x80\x05@\
\xf2\xcbNF\xe8\x17J\xd1-\xb5\xe2\xa92a\x14\xb1\
\xf5+\x04@\xb3\x92\xb7in\xd2}$n\xea\x82\x92\
\x058\x0d\x01\x7f/\xff\xde\x14\xac\xb0\xee\xda\x18\x95\xf4\
#8z\x02Ot\xf3\x5c#!&\xc3@\x1d\x97\xba\
O\xf2+nAu\x8e\x0d\xf98\xf6\x19\x1eYX1\
Z\x87'-\xb3\xbb^\xf2+\x06\xa1F\x01v\xaeR\
1j\xe5G\xd0\x11=wJ^\xe9\xc5\x90P\x02\x1c\
\x1a\xf1\x02\xff&\xf3<c\x80\x1b\x033\x14\xcbO(\
\xa347y}@;V\xf0\xcab\xc9\xf7$\xa2\xb6\
;\x80\x08\xdf\xff\xdaA\x0aV\x7f\xc7\xbeV+A:\
\x06q\xba\x96\x04\x9d\xa0\x97\xa7\xda\xe7\x1cP\xd2\x1d2\
\x9c\x98\xac\xaf{\xd6\xd1\x98M\x06iv\xd2\xb3\x92W\
1\xc4a\xfe\xfc\x04\x0c}O\xf2<\x8bAV\x22U\
eH\x82\x89\xa9\xfdA\xfa\x81\x9e\x8f\xe3\x14\xa9\xbeX\
k\x9er\xd2>\x91\xfc\x8aa\xa8\xfe\xdb\xb9~\xbb\x0b\
\xb55\x22'\x87\xa4\x16\x11\x96I\xbeg\x88\xbf\xf7\xcf\
\x8f\x98\xe1`\xd6|\xaf\xb9=\xbf\x94\xf9k\x0e\xa3\x85\
\xf4\x0c\xe5C\xce\xa1J\x8a\xe4\xf9\x8a!:,iU\
\x00%\xdfsi\x98@\x94\xedu\x98+\xa9Flc\
\x02\xa5\xc5U\xe8\xbeu@Ht\x0d\xd6\xd3\xcc\x02\xcd\
\xb2\x12\xfe\xfb\x1eV8\x1bD_\xd5\xec\x94:m\xab\
\xa6\xd9IoK^\xc5\xad\xa0\x0f\xba\xbe\xa8*\xe1U\
Z\x98\x8f\x11\x9a\x5c\xa6\x03\xca2Y\xe4)Ed\x1d\
\xca\x16\x0c\x8e\xf0\xfa\xff3mj\x02(\x06\xd0\x91\x19\
\xdfI\xbe\xe7\x0d\xd4v_\xa2\xc31\xf5]\xc9\xf3\xbc\
\x05\xe2\x01=\x06H\x03\x92\xc2pY\xeb\x17\xc3\x1f1\
\x8d\x07\xd0\xecS\xbfEu\x1c\xb5\x9d\x86\x0d\xc4FL\
\x9d\x10\x83z\xd0\x9c\xa4Y(\xf9\xae\xcb[A\x98K\
\x1d\xc8-\x11\xfa\x82\x8eC\xf4^T\xaf\xc3Y\xf8 \
\xba\xa4\xe673p\x1e=\xb4\x06\x86\x80N\xc5\xcaw\
\x14N\xf8\x95 \x8f\x86\xa1\xbbF\xcc#\x8247\xe5\
\x15\x843\x80\xda\xe7\xd1QVQ\xb9\xafoL\x03 \
[\xee\x1e\xe37\xe5\x1c\x19\x89\xad\xb2\x10\xd6\xd6\xb1\xd5\
\xb9\x9a\x9d\xf2\xb4\xef\x0f\x1d\x96\x5c\x8a0\x89\xba\xbd \
&\xc2H\xb7Q\xd4\x91P/1\x81\x9a\x9d\x5c\xc8/\
fO\x90\xd9D\xeb%T\xf2i\xb9\xfb\xec\xdaN\xac\
8V\x9b\xd5g\x97\xe5\xd5s\xe7\xcc\xb1\x5c\xad\xe6\xd9\
X\xc9\xa4\xa3\x87\xc8+t\xdc1>\xa4\xde\xec\xe4\xc7\
P\xe3<`[-j\xdd\x0a2\xcc\xf2P\xc6\x06\xf5\
\x16\x15\xac\xe3R\x7f\xd5\x9c\xa4\x1b\x10\xfa\xa1\xfa\x06\xf6\
\xc1\x12>\xfc\x82\xca\x8b\x18\xa4knr\x8e%,G\
\xd8e\xddv\x95\x89[s\x92?\xc3\xd4\xa1X\x09\xa0\
\xfcQ\x85T\x85\xf46\x9a\x9d\xba]s\x923P\xe3\
\x5c\x947\x89\xfc\xe6*\xf0:B_\xcdN\x1a\xea\x14\
\xd7\xa0\xb9\xbd\xfe\x8fDN\xb1z\x83\x88\xbd\xd2>`\
5\xe84to7\xcdI*\x88P>*4X\x8e\
 Y\xf0\xc1A$\x98\x03A\x8f\xa7:\x85\x1b\x9fa\
\xcaf\x0ek\xb3Z\xcf\xef\xba\xc7U=\xcf\x94\x1dH\
{\xb3]\xc0\xc9\x1f\x8c\x9ft\x5c\xea\xaf\xaeyY\xb6\
\xac\x05\xdb\x0e\xaa1Tw\xe9>7=\x8e\xe4y\x8e\
\x07=\x19\xa13\xa6t\xc6\xe0h\x90oQ\xdd\x82\xb2\
\x85\x04\xf9H\x87%mq\xcbGu\xbd\xcf{:R\
e\x9c\x8ahwD\x0f\x06\xad\xc2\x94\xdd\xa8\x94\xd1j\
Wq\x84\x17\xa2NhN\x12\xd5\xc4\xd1\xbc6\xb0\x89\
\xa3Y\x01\x9a8\x9a\x15\xa0\x89\xe3\xff\x01'\x88f\x10\
\xc7\xdc!&\x00\x00\x00\x00IEND\xaeB`\x82\
\
\x00\x00\x07\x8d\
(\
\xb5/\xfd`\x99$\x1d<\x00ZR\x90\x0e(\xf0n\
F\x0f\x13A\xf6N\x18xnC\xba\x88Mb\xb7\x9c\
\xebL/^\xb1\x06\xd1\xb6\xb5\x94\x92\xbe\xfb\xe2\xbb\xd0\
$\x0e+\xb6Q\x1e\xf6\x00\xe9\x00\xc4\x00\x8ftoC\
-<H\x12\xb7J\xcfR\xc7J\x0f\x09#@\xb2\xb0\
\xd2#5\xb41\x1f\x8e\xc2\x81=\x1e\xdaH\x0e#]\
J\xab\x9e\xc5g\x8d\x89\xb0t\xa2\xf6\xc1\xb0?\x98,\
\x9c\x1ac\xab\xa6Z\xb2\x88H\x07 \xb4F\x5cG\xa3\
R\x87\x80\xd6\x1c\xd7\xa9\x10^&\xda\xcc\xc7D\xa1\x19\
9\xd7am%\x90\x90`\xb94b\x94A\x1b\x0b!\
M\xec\xf1D\x98\xa5\xb5\xd6+2o$1\xad\xd5\xbd\
t[\xa4\x94\xec\x10\x86c\x03L\xd1\x14I\x10$5\
4\xa26M\xb20\xe3e\xba\x11\x85\xe8C\x97\xc6y\
,\xc4#Y4\x0e3EJ)\x86F\xc4\xa4``\
pXK\x11X\x1aVb\x95A \x90ea\x1e\xf7\
:\x06(\xfa\x98\xcdt!b\xa0\x1c\xb7B\x94C\xef\
\xa4\x16\x81Z\x0b\x80\x82\xc1\xc1@\x22E\xc9\x82F\xd2\
3\x9dh\xdeI%q)\x900!Y4\xa2\xeaH\
MDU\xd2\x18'\x8bH\xaa\x93\xa5\x11\xea\x81\x22\x06\
\x14\x01\xacH\xf6\x5c\x83JS\x8dj\x16\x9d\xe53\xc8\
\xce\x1e*\x04\x8aYq\xec\x9f\x95\x03\xc7\x9d\x0f\x97x\
\xa3\xa1pX8>\xb8K'\x06Cb\xa6\x81Y\xf4\
\x91\xb8\xd3C\xba\x04$|\x8f}\xe3\xa50l\xae\x19\
|\x8a{\xaf),\xa5\xfbg? R\xed\x9d\x93\x04\
:M\x88\x1eD\xb0t\x82\xb85\x9a\xd0`;)\x83\
Z\x07\x03\xfd\x9b\xc1\xf8\xe7\x0e\xb2\xe8\xef9\x17\xd9K\
\xa2?\xc7\x8eI^\x0b\x9eY\x9d)yb\xd0e\xa1\
\xcf\xad\x0c\x9e\xa7\xde\x08K\x85\xa8\xa5\x0f\x89\xbb(\x0a\
@\xd5\xe1N\x88i\x1c\x08\xe9a^\xb0R\x05\xa6i\
\x14\x0e\x0a\x12@`\xb8\xe7\x9d\xce\xbc\x14R8,\xca\
R\x89\xf9\xac\x1bQk!\x1a\x87NT\xa8F&\xe4\
\xe0K\x87\x12\x91\xe6%GH\x92&\xe8\xf4L\x86m\
@$\xc7\xc4\xf1\xf9\xe1\x8a*\xa4\x93\x05Dr\xa6c\
\xa2N\x85p\xaam4\x8e\xa6\xa5\x012\xca(\xdds\
k\xf6d\x03\xe9d{\xf0q\x83,e\xc7\xe6w\x91\
\xff\x19\xba\xd7\xe2[\xb4\xc5o\x1e\xa1l\xdd\xde\x1b\xc6\
\xe6Z\xb9w\x8d\xff9r\xcb\x97\x0e\xba\x94\xf0\x1f\xf3\
s0>\xe7\xe7\xf8MEg\xf8\x9a9wo\xd6\xca\
\xbfI\x86J\xf4\xefg\xc6\xaa\x99\xcf1{\x9a7\xd6\
VS\xca?\x7f\xf2\x9b\x9a\x0a\xba~\xdc\xa2{\xec\x96\
\xed\xec\xa0\xbf\xbb\xe6\xd8\xcc\x97z\xce\xdb\x9bYS\xa0\
?\xf8\xcc\xdc\xa2\xfe\x187\xe9\x1ac\x07#\xeb\xd5\xd0\
\xa2\xb3s\xb1q\xa7\xc0\xf7\xca\xb1\xe6\xf8\xd9\xb7~\xc5\
,~7\x19\x973o\x88\xb9\xd1\x9a\xc1\xde\x01\x98\xe7\
\xa9\x0c\x98L,\xf5NA\xe6\xbf\x94\xc7\xa0\x5c\x92\xb9\
[\x90}7\xa4&\x22{n\xc8\x18\xf6j\x0a\xec\x0e\
\x8d\x88ii\xb1\x1d\x94\x0eJ\x17\xd9Yt\x85\x17\x95\
DP\xd3R\x0a\x0a\x9a\xb7\x1e`$\x9e\x0aM\x06\x8d\
.H\x0d\xcdJ\x8e&z\xb8\xcb>\x0cu$h5\
\xa2z\xab\x854\x08p\xac\x86k\xe7\x9d\x98\xa8Q\x9f\
\xb9n\x84^Gs\xa9u\x1e\xe9\x81\x81\xdchV;\
#\x9e\x88i\x88<\x1e\x8c\xdd\xee\x98\xbd3t\xa2N\
\xebF\x12\xafw\x8e\xc0{w\xde\xcc]\x91\xcd\xfd\x99\
|\xad8;\xec\xa84\xa5\xbba\xeb\xbb\xd4\xd3$\xbf\
\xa5\xa0\xc3\x7f\xaa]7\x86\x92\x1d\xfc\xc8\x9e[=\xd8\
\x8d9t\xf7\xfa5/\xaad\xbf\xc3\x8e\xef\xe5k\xf5\
\xee}\x8c\xd2#{\xc7\x18\xdd\xf3\xf6@V\xd2ys\
\xd2a\x8b\x0d\xb2t\xd9,?B\x8f\xff$\xc7\xf7\xcf\
\x9a\x8d=\xf5p|\xbe]rS\x8f\xd9cw7\xff\
\x0e\x81\xe0\xa8a1S\x8aHD\x92\xa4\xa0\x906\x03\
Q\x0c\x83(\xd0 \xbc9\xf2\xb9(\xe3,R\x88\x88\
\x04\x22\x22\x22\x22\x22\x81$\x89\x0aRR\x90$\xad\x01\
\x06#\x01\x19\x18\x9b\xaa\x8f\xf6KK\xd5\xf7\xf0R\xf5\
\xda\x06\x84\xa9\xc2\xa1\xd8'\xc4)\x86a\xad\xd4u\x98\
\xd8\x8b@2T-\x0b|`\x02\xb9\x10y)l|\
;\xa1\xf1\xba^\x9d\xa79\xe4*U\x1c\xf2\x91\xe6t\
\xc3\xb5:M\x84\x9fbTb#\xbd\xba8\xf9nn\
\xac@\xe5\x87P-\x18\xac\xdb\x06\xfdT]\xa1\xb1\x00\
\x99\x8b\x1e\xec\x18\x81T\x89\x0f\xc2\x0b\x02\xe8\xa1\xca\x98\
~\xcb$\xd7m\xa9#\x04\xa1o\xa9\x12\xd3\xbe\xe3\xf8\
\x99{u\xf4\x9a\xbe\xb3Ca\x94\xa7\x15\xfak\xd8\x12\
\x19\x84\xd6\x80z\x8e\x12_\xc5\xee\x22tS\x8aL\x86\
!;4\x88\xf4^\xa4\xcf\xd0K\x5cm\xb8\x88_\xdb\
\x05[\x8a\x9b@\xf1\xfd\xb4\x00\xc9\x8b\xe0\xd1\xfbY\x99\
\x18n4\x02\xc3q\xd5E\x0b\xb0\x05\xdf\x12\xee3~\
?\xf2\xaa\x1a\x8809J\xbd\xbc3\x81\xf6\xaaBC\
\xa8>b\xb8\x83\xe9\xf9\xa7\xec%Rr~=\xaf\xf6\
id\x16\x82\xed}\xd9\xd0R\x5c\x85\xeb\xc1X\xe7\x83\
>\x0c_9\x93\x1e\x1f\xe9\x15\xe1\x17\xdaa\xb0)O\
\x988\xe4\x8e\xf0\xe9\x0d\x8e\x9b\x15\x0d\x9e!\xf9\xd6\xe1\
wP6\xe4\xfe\x22\xd6\xbf\x99\xcez\x16D\xf8s\xa6\
\xc6q\x8f\x96\x9c:P\xd3\xc8]\x89\x08\xd7\xffZ\xea\
f\x06q\xeb:2\x8eu\x9d\xb0\xed\x94t\xd7x\x00\
%*w'\xa7u\x8b\xbd\x7f\xc1M0\x00\xafYy\
\x80\x90\xcfc\xde~\xad\xb1\x06A\xeb\x1e\xe1\x91$$\
\x1d\xbdV\xff>\xe3 \x90@{\xf0\xdd9T\x91T\
\x0c\xd0\xda\x04=A\xd1\x9c\xa5\x83L\x12\xd9\xbf\xcbG\
d ]u\xe8\xfch\xacH\x84\xbeC\xd4\xad\x9b\xdc\
\x0a\xba\xe66\xdfA_\xdf0U\x94u\xf0\xf2\xba\xdc\
\x1d\x8f\xbcJ\x1b\xd9\x19 \xdd\xd2\x01i\xe3\xa8\x00;\
\x80\x9fMPX\xeb\x96\x0c\x06t\xa8'\xed\x96\xd1\xac\
0\xda\x17\x04bIo)\xb7s\xc5\x8ft=\xc5\xd2\
\xa51\xd5\x9c\xb3\xdd\xe1\xc6W\xb7a\x95Hc\xa1\xbb\
\xf9\x02\x03\xf7\x1a\xe31\x8fg\x93\x183\xcd~\xf6L\
\x05\x22\xc3\x98\x06q\xb1\xa4f{\xc6\xc1\xb1\x1e\xb1\xfc\
\xbbH\xea\xc0\xec\xdcf\xbd]\xc5\xd0\x18\xf9\x1d\x82\xc5\
\x98\x1f\xfb\xcf\x04\xd1\xec\xe69\x0a\xfc\xdc3pvK\
(\x95E\xba\xafl\x13B\xc2lC\xe9\xd3\x83\x94\x15\
\xdeP\xfbMX\x80s\xaa\xc4\xa4\xe0\xee\xd3,O\x12\
P\xb6\xf2uB\xa1A\xe8\xb4\xebp!$\x00W\xea\
U\x04R\x9c\x08\x07\x92H\xc0L\xc9\x0a\xa3\xc8\xd7F\
\xe52\xf5\xdc\xb9]\xa2\xff-\xe6\xd2q\xa9\x82\xfa\x84\
\xd1\xc4\x82\xc7\xd1\x85<\xe8(\xfb+t\xee\xc5O,\
\x0e\x94I\xd0T\x13\xec\xdfq\x9d\x02\xe0,\x82d\x0a\
\x84\x0b\x0a\xc3{lT\xc3v\x1f\xc18\xe1\xd7\x0dN\
\x8e\x97e\xd1\x8d\x9f\xdf\x1f\xfba\xeb\x86\xed\xeb\x81\x97\
\x15\xc5\xf6\xe15\xf2\xde\x90\xc8\x18\xd1Yz&t\xc3\
\x8e/\xd8\xa9\xbd\x88\x95E\x90\xe9\xdfy\x11\x9bB\xa4\
\x80G\x92\x16\xf5700@\x05\xcd8\xe9\x18\xe1\xe4\
\x1e\xf9\xc0xO\xfeAl\xb2*v\x8c\x88qvD\
\xc2\x8c\x06\x89\xf8?\xc9\xf9?*%\x97{\x8f\x91^\
\xe7\x1ar\x98g\x1a\xce\x84\x83\x16\x07)\xec\x09\x91\xad\
\xf8\xf4\xcb\xb9\xce\xaa\xd4\x01\x86\xe8\xa9|\xa0\x0fR\xa3\
\xc8\xd6\x07\xf7~\x1c\xe8V\x89,Y\x89\xaf\xc9\x0e\xe4\
mkl\xf3\xef9`?a\xa0\xc5\xdf;\x18\xc1\x22\
3:\xd8a\xf5d\xfe\x00q\xf1kQ\xd2\x13\xa6\x85\
d\xd3\xe4\x13\x9c\x0e9`\xf3\xc8\xf2\xc84\xd0\x9c*\
\xb1;\xf8\xb3\x0b P4\xd1Z\xc1\xd4\x05\xf0 \xf4\
\x10[\x1d\x028)\xb6\xb6\xbf]3\xa7\xcf\x81\x1f\xbe\
\x88Fz\x227\x11\xae!i:4\x90\x9a\x1b\xa5\xbc\
\xc9z\x92\x1a\x22{\x80\xfap\x98U\x01\
\x00\x00\x08\xe3\
<\
?xml version=\x221.\
0\x22 encoding=\x22UTF\
-8\x22 standalone=\x22\
no\x22?>\x0a<!-- Creat\
ed with Inkscape\
 (http://www.ink\
scape.org/) -->\x0a\
\x0a<svg\x0a   xmlns:d\
c=\x22http://purl.o\
rg/dc/elements/1\
.1/\x22\x0a   xmlns:cc\
=\x22http://creativ\
ecommons.org/ns#\
\x22\x0a   xmlns:rdf=\x22\
http://www.w3.or\
g/1999/02/22-rdf\
-syntax-ns#\x22\x0a   \
xmlns:svg=\x22http:\
//www.w3.org/200\
0/svg\x22\x0a   xmlns=\
\x22http://www.w3.o\
rg/2000/svg\x22\x0a   \
xmlns:sodipodi=\x22\
http://sodipodi.\
sourceforge.net/\
DTD/sodipodi-0.d\
td\x22\x0a   xmlns:ink\
scape=\x22http://ww\
w.inkscape.org/n\
amespaces/inksca\
pe\x22\x0a   version=\x22\
1.1\x22\x0a   width=\x221\
00%\x22\x0a   height=\x22\
100%\x22\x0a   viewBox\
=\x220 0 288 288\x22\x0a \
  id=\x22svg7631\x22\x0a \
  xml:space=\x22pre\
serve\x22\x0a   inksca\
pe:version=\x220.48\
.4 r9939\x22\x0a   sod\
ipodi:docname=\x22r\
eload.svg\x22><sodi\
podi:namedview\x0a \
    pagecolor=\x22#\
ffffff\x22\x0a     bor\
dercolor=\x22#66666\
6\x22\x0a     borderop\
acity=\x221\x22\x0a     o\
bjecttolerance=\x22\
10\x22\x0a     gridtol\
erance=\x2210\x22\x0a    \
 guidetolerance=\
\x2210\x22\x0a     inksca\
pe:pageopacity=\x22\
0\x22\x0a     inkscape\
:pageshadow=\x222\x22\x0a\
     inkscape:wi\
ndow-width=\x22640\x22\
\x0a     inkscape:w\
indow-height=\x2248\
0\x22\x0a     id=\x22name\
dview8\x22\x0a     sho\
wgrid=\x22false\x22\x0a  \
   inkscape:zoom\
=\x220.81944444\x22\x0a  \
   inkscape:cx=\x22\
144\x22\x0a     inksca\
pe:cy=\x22144\x22\x0a    \
 inkscape:window\
-x=\x2275\x22\x0a     ink\
scape:window-y=\x22\
34\x22\x0a     inkscap\
e:window-maximiz\
ed=\x220\x22\x0a     inks\
cape:current-lay\
er=\x22g3\x22 /><metad\
ata\x0a     id=\x22met\
adata13\x22><rdf:RD\
F><cc:Work\x0a     \
    rdf:about=\x22\x22\
><dc:format>imag\
e/svg+xml</dc:fo\
rmat><dc:type\x0a  \
         rdf:res\
ource=\x22http://pu\
rl.org/dc/dcmity\
pe/StillImage\x22 /\
><dc:title /></c\
c:Work></rdf:RDF\
></metadata><def\
s\x0a     id=\x22defs1\
1\x22 /><g\x0a     id=\
\x22g3\x22><path\x0a     \
  d=\x22m 142.8,217\
.1 c -39.7,0 -71\
.9,-32.2 -71.9,-\
71.9 0,-39.7 32.\
2,-71.9 71.9,-71\
.9 14.6,0 28,4.6\
 39.4,12.1 L 167\
.9,115.8 270.6,1\
03.3 221.8,5.1 2\
06.4,36.3 C 187.\
7,25.3 166,18.9 \
142.8,18.9 73,18\
.9 16.4,75.5 16.\
4,145.3 c 0,69.8\
 56.6,126.4 126.\
4,126.4 43.5,0 8\
1.9,-22 104.6,-5\
5.5 l -43.3,-33.\
6 c -12.5,20.7 -\
35.2,34.5 -61.3,\
34.5 z\x22\x0a       i\
d=\x22path5\x22\x0a      \
 style=\x22fill:#23\
1f20\x22 /><path\x0a  \
     d=\x22m 142.8,\
227.1 c -39.7,0 \
-71.9,-32.2 -71.\
9,-71.9 0,-39.7 \
32.2,-71.9 71.9,\
-71.9 14.6,0 28,\
4.6 39.4,12.1 l \
-15.6,31.8 104,-\
13.9 L 221.8,15 \
206.4,46.2 C 187\
.7,35.2 166,28.8\
 142.8,28.8 73,2\
8.8 16.4,85.4 16\
.4,155.2 c 0,69.\
8 56.6,126.4 126\
.4,126.4 43.5,0 \
81.9,-22 104.6,-\
55.5 l -43.3,-33\
.6 c -12.5,20.7 \
-35.2,34.6 -61.3\
,34.6 z\x22\x0a       \
id=\x22path7\x22\x0a     \
  style=\x22fill:#8\
08080;fill-opaci\
ty:1\x22 /></g></sv\
g>\
\x00\x00\x16W\
<\
?xml version=\x221.\
0\x22 encoding=\x22UTF\
-8\x22 standalone=\x22\
no\x22?>\x0a<!-- Creat\
ed with Inkscape\
 (http://www.ink\
scape.org/) -->\x0a\
\x0a<svg\x0a   xmlns:d\
c=\x22http://purl.o\
rg/dc/elements/1\
.1/\x22\x0a   xmlns:cc\
=\x22http://creativ\
ecommons.org/ns#\
\x22\x0a   xmlns:rdf=\x22\
http://www.w3.or\
g/1999/02/22-rdf\
-syntax-ns#\x22\x0a   \
xmlns:svg=\x22http:\
//www.w3.org/200\
0/svg\x22\x0a   xmlns=\
\x22http://www.w3.o\
rg/2000/svg\x22\x0a   \
xmlns:sodipodi=\x22\
http://sodipodi.\
sourceforge.net/\
DTD/sodipodi-0.d\
td\x22\x0a   xmlns:ink\
scape=\x22http://ww\
w.inkscape.org/n\
amespaces/inksca\
pe\x22\x0a   version=\x22\
1.1\x22\x0a   width=\x221\
00%\x22\x0a   height=\x22\
100%\x22\x0a   viewBox\
=\x220 0 288 288\x22\x0a \
  id=\x22svg7631\x22\x0a \
  xml:space=\x22pre\
serve\x22\x0a   inksca\
pe:version=\x220.48\
.4 r9939\x22\x0a   sod\
ipodi:docname=\x22p\
references.svg\x22>\
<sodipodi:namedv\
iew\x0a     pagecol\
or=\x22#ffffff\x22\x0a   \
  bordercolor=\x22#\
666666\x22\x0a     bor\
deropacity=\x221\x22\x0a \
    objecttolera\
nce=\x2210\x22\x0a     gr\
idtolerance=\x2210\x22\
\x0a     guidetoler\
ance=\x2210\x22\x0a     i\
nkscape:pageopac\
ity=\x220\x22\x0a     ink\
scape:pageshadow\
=\x222\x22\x0a     inksca\
pe:window-width=\
\x22640\x22\x0a     inksc\
ape:window-heigh\
t=\x22480\x22\x0a     id=\
\x22namedview7\x22\x0a   \
  showgrid=\x22fals\
e\x22\x0a     inkscape\
:zoom=\x220.8194444\
4\x22\x0a     inkscape\
:cx=\x22144\x22\x0a     i\
nkscape:cy=\x22144\x22\
\x0a     inkscape:w\
indow-x=\x2275\x22\x0a   \
  inkscape:windo\
w-y=\x2234\x22\x0a     in\
kscape:window-ma\
ximized=\x220\x22\x0a    \
 inkscape:curren\
t-layer=\x22svg7631\
\x22 /><metadata\x0a  \
   id=\x22metadata1\
3\x22><rdf:RDF><cc:\
Work\x0a         rd\
f:about=\x22\x22><dc:f\
ormat>image/svg+\
xml</dc:format><\
dc:type\x0a        \
   rdf:resource=\
\x22http://purl.org\
/dc/dcmitype/Sti\
llImage\x22 /><dc:t\
itle /></cc:Work\
></rdf:RDF></met\
adata><defs\x0a    \
 id=\x22defs11\x22 /><\
path\x0a     d=\x22m 1\
37.75602,7.55528\
08 c -2.76308,0.\
1892037 -5.44868\
,0.6170523 -8.16\
26,0.9275881 l -\
0.1857,0 -6.493,\
35.4331711 c -10\
.58302,2.410148 \
-20.53954,6.5003\
5 -29.4967,12.05\
8411 L 64.292335\
,35.011371 C 56.\
418902,41.124104\
 49.25414,48.253\
187 42.958218,55\
.974451 l 20.221\
016,29.496717 c \
-6.139657,9.3826\
26 -10.75664,20.\
096232 -13.35697\
9,31.351882 -4.6\
5e-4,0.0526 -4.0\
7e-4,0.17636 0,0\
.1857 l -35.2477\
06,5.5654 c -0.6\
44373,5.26345 -0\
.92753,10.70302 \
-0.92753,16.1396\
9 0,4.44821 0.12\
263,8.83692 0.55\
6493,13.1715 l 3\
5.247647,6.30749\
 c 2.506852,12.2\
403 7.268943,23.\
67163 13.91354,3\
3.76351 l -20.96\
309,28.7547 c 6.\
00372,7.45329 12\
.934902,14.23927\
 20.406529,20.22\
102 l 29.682236,\
-20.40653 c 10.3\
73566,6.61744 21\
.953486,11.25771\
 34.505616,13.54\
249 l 5.56543,35\
.06213 c 3.95472\
,0.36029 8.0103,\
0.37079 12.0584,\
0.37079 5.71489,\
0 11.1738,-0.216\
62 16.69623,-0.9\
2752 l 6.67852,-\
35.80421 c 11.91\
781,-2.96588 23.\
11338,-8.11091 3\
2.83598,-15.0266\
3 l 28.56912,20.\
77758 c 7.40885,\
-6.30335 14.1838\
5,-13.54852 20.0\
3556,-21.33413 l\
 -20.77756,-30.0\
5326 c 5.62684,-\
9.71787 9.52575,\
-20.43999 11.501\
86,-31.9084 l 35\
.06212,-5.5654 c\
 0.30775,-3.6589\
1 0.37082,-7.207\
4 0.37082,-10.94\
53 0,-6.49576 -0\
.75506,-12.86485\
 -1.66968,-19.10\
799 l -35.61868,\
-6.49298 c -2.79\
129,-10.307 -7.3\
7112,-19.923319 \
-13.17146,-28.56\
9179 L 246.09569\
,55.78887 C 239.\
59783,47.842326 \
232.18554,40.501\
454 224.01956,34\
.269238 l -30.23\
88,20.777567 C 1\
85.08981,49.9068\
5 175.73714,45.9\
62976 165.58267,\
43.730458 L 160.\
0172,8.4828108 c\
 -5.06557,-0.595\
8522 -10.17281,-\
0.9275881 -15.39\
761,-0.9275881 -\
1.41214,5.81e-5 \
-2.86546,-0.0466\
81 -4.26685,0 -0\
.68316,0.02334 -\
1.35924,-0.04087\
 -2.04064,0 -0.1\
8453,0.011719 -0\
.37255,-0.011719\
 -0.55649,0 z m \
4.82333,90.15981\
22 c 0.67779,-0.\
03506 1.35445,0 \
2.0407,0 21.9596\
5,0 39.88547,17.\
925837 39.88547,\
39.885507 0,21.9\
5965 -17.92582,3\
9.69996 -39.8854\
7,39.69996 -21.9\
597,0 -39.70001,\
-17.74031 -39.70\
001,-39.69996 0,\
-21.27342 16.649\
34,-38.819348 37\
.65931,-39.88550\
7 z\x22\x0a     id=\x22pa\
th3243-4\x22\x0a     s\
tyle=\x22color:#000\
000;fill:#000000\
;fill-opacity:1;\
fill-rule:nonzer\
o;stroke:none;st\
roke-width:0;mar\
ker:none;visibil\
ity:visible;disp\
lay:inline;overf\
low:visible\x22 /><\
path\x0a     d=\x22m 1\
38.34483,21.1535\
16 c -2.76308,0.\
189196 -5.44868,\
0.61705 -8.1626,\
0.927587 l -0.18\
57,0 -6.493,35.4\
33166 c -10.5830\
2,2.410152 -20.5\
3954,6.500357 -2\
9.496705,12.0584\
12 L 64.881145,4\
8.609599 c -7.87\
3436,6.112738 -1\
5.0382,13.241824\
 -21.33412,20.96\
3082 l 20.221016\
,29.496713 c -6.\
139662,9.382626 \
-10.756639,20.09\
6226 -13.356981,\
31.351886 -4.67e\
-4,0.0526 -4.09e\
-4,0.17636 0,0.1\
857 l -35.247706\
,5.5654 c -0.644\
378,5.26346 -0.9\
2753,10.70303 -0\
.92753,16.1397 0\
,4.44821 0.12262\
8,8.83692 0.5564\
96,13.1715 l 35.\
247647,6.30749 c\
 2.506852,12.240\
3 7.268939,23.67\
163 13.913533,33\
.76351 l -20.963\
086,28.7547 c 6.\
003717,7.45329 1\
2.934905,14.2392\
6 20.40653,20.22\
102 l 29.682237,\
-20.40653 c 10.3\
73579,6.61744 21\
.953489,11.2577 \
34.505619,13.542\
49 l 5.56543,35.\
06213 c 3.95472,\
0.36029 8.0103,0\
.37079 12.0584,0\
.37079 5.71489,0\
 11.1738,-0.2166\
2 16.69623,-0.92\
752 l 6.67852,-3\
5.80421 c 11.917\
81,-2.96588 23.1\
1338,-8.11091 32\
.83598,-15.02663\
 l 28.56912,20.7\
7758 c 7.40885,-\
6.30335 14.18385\
,-13.54852 20.03\
556,-21.33413 l \
-20.77756,-30.05\
326 c 5.62684,-9\
.71787 9.52575,-\
20.43999 11.5018\
6,-31.9084 l 35.\
06212,-5.56541 c\
 0.30775,-3.6589\
 0.37082,-7.2073\
9 0.37082,-10.94\
53 0,-6.49575 -0\
.75505,-12.86484\
 -1.66967,-19.10\
798 l -35.61869,\
-6.49299 c -2.79\
129,-10.307 -7.3\
7112,-19.92332 -\
13.17146,-28.569\
18 L 246.6845,69\
.387104 C 240.18\
664,61.440561 23\
2.77435,54.09968\
1 224.60837,47.8\
67469 l -30.2388\
,20.777565 c -8.\
69095,-5.139953 \
-18.04362,-9.083\
823 -28.19809,-1\
1.316342 l -5.56\
547,-35.247647 c\
 -5.06557,-0.595\
851 -10.17281,-0\
.927587 -15.3976\
1,-0.927587 -1.4\
1214,5.8e-5 -2.8\
6545,-0.04672 -4\
.26685,0 -0.6831\
6,0.02336 -1.359\
24,-0.04088 -2.0\
4064,0 -0.18453,\
0.01169 -0.37255\
,-0.01168 -0.556\
49,0 z m 4.82333\
,90.159804 c 0.6\
7779,-0.0351 1.3\
5445,0 2.0407,0 \
21.95965,0 39.88\
548,17.92584 39.\
88548,39.88552 0\
,21.95965 -17.92\
583,39.69996 -39\
.88548,39.69996 \
-21.9597,0 -39.7\
0001,-17.74031 -\
39.70001,-39.699\
96 0,-21.27343 1\
6.64934,-38.8193\
6 37.65931,-39.8\
8552 z\x22\x0a     id=\
\x22path3243\x22\x0a     \
style=\x22color:#00\
0000;fill:#80808\
0;fill-opacity:1\
;fill-rule:nonze\
ro;stroke:none;s\
troke-width:0;ma\
rker:none;visibi\
lity:visible;dis\
play:inline;over\
flow:visible\x22 />\
</svg>\
\x00\x00\x05\x93\
(\
\xb5/\xfd`\xa2\x12M,\x00jC \x0c(\x00O\
D\x0f@:\xc8\xc9\xd8\xf2$\xd5\xcao\xa3f\x81A\
\xb4\xfb\xf7\x0a\xa9G\xc9.)e\xd2\xa7Zl\xa2\xce\
\xff\xffpU\x10\x01\xc9\x00\xc3\x00\xa9\x00\x0d\xa5A4\
{Pi \xe9\xbe\x12NXi \x13\xc1#\xca\x87\
\xba\x90d\x5c\x08`^TH>\x9a\xa9\xe2\xe34\xaa\
\xc8p(\xa8B\xcb\x8b\x82\x08\x0a\x98\x1a\xa9\x8dQ|\
\xa8cV\xdb\x98 \x08\x86\x99\xd7\x02q*\x15\xa9\x96\
e-f1\xf3\xff\xcd\x1eJ\x13A4@EU\xd4\
d0\xe6\x13\x1f\xe4\xf3(Lo3U\xa5\x22#N\
\x91y\xa0\x89:\x1aJ\xf3@\x88\x8aJ\x92\x84Az\
\xa8\x12\x0c\x0c\x8aeI\x080\x12\x9d+\xf7\xf1x0\
\x0c\xa2Q\xebb@\x12\x1b\xceSU\xa0\x1a$\x8b*\
\x1f\x09\x14\xab\x13i\x82dY\x00$\x18\x14\x07\x94I\
)M\xa4\xe6\xe4@\x94S\xabD\xf1eA\x04\x09J\
#Q\x12\x9a\x0f\x15\x13\x85\xb7\x95\x86\x9a\xb2\xa2\xf1!\
\x99\x18\x90\x03\x89p\xd9\x82xw\xbb\xed\x15Q\x9c{\
\x87\xbc\xdd\x90JE\x099\x94\x01u\x22%'\xf6\xaa\
(2L\x9c\xaal0M\xb2B`$#\xd2\xd8\x88\
T&Q J\x0eC*\xaa\xc3\xa03B<\x90c\
:8\x15\xe8\x9c\x80x\x9e\x84b\x81\x82\x07\x88\x08\xa2\
\xee9\xd5\x81\x9c\x1a\x19\x09\x05\x93(\xdf\x92\xd2\xd0\x18\
q\xa6\xa5R\x91R\xc7\x03\xc5\x0b\x92!!\x0e\x839\
\x18\x81<\xed\xdb\x19s^\x88\xd5\xe4DTz\xccE\
\xc5\xbcq{\x0b%\x1fKi\x1e\x13r\x16U\x84\xa4\
\x03\x92T\x8a\x0f\xe5\xd08\xcdZ\x9fH\xc1aF\xaa\
\x9c\x8fF\x88N\x07%\x0a\xa04tN\xf3\x89\x92\xd3\
\x80\x12\x8a\xad\xd2aAi\x9e\x09!\x9e\xfd\xd3\xa4\xad\
\xb7e\xc4\x03\x8dU\xa4\x01\xecn\xb9k\xbe\xaf\xf5[\
06\x86\xfe\x9c[\xcc\xbf\xf0-\xafm\xbb^\x1a\x1c\
\xbe\xd6\x96\xaf\xc3\xd6\x96\xb5?\xe8\x1fE\x0d\xd7\x82\xfb\
JC!\xbfg\xbd\x90\xb9/\x5c\x93\xc3\xcd}\xb9\xe5\
\xec\xfd\xcc\x19.\xb3?\xf7\xe6\xae=\xb8m\xbdn\x90\
y\xdb/\x08\xb9\xf7\xbb\xdd/\xe7L\xc7g~V\x9a\
\x1a\xab(\x9a\x8d0\x10\x9f\x00\x88%N\x91Z)\xde\
\x98\x95@\xf3[\xebKC\x83\x0f\x9d\xdb\xd7\x1a\xde\x99\
s_\xfb\xb8\xa1\xf9?\xb7\xb5n\x00DR\xa5\xa9(\
\x87F\x88\x95\x04\xca\x01\x04\x1a+\x87\xd2TUR\x12\
\xa4\xf7\x1eE\xba@,\xfe\x7f\xc6\xed\xf1z\xb7{\xdc\
\x01\x0a\xe9\xa12\xc0\xceV[\x8f\xbb\xdf.w\xfb\x1e\
\xdc\xf7\xee\xdf\xddrs\xfc\xbd\x0d\xb2_\xeb=\xdc\xb5\
\xfe[\xc3\xb5L\xe2\x155[\x01\x10\xd3$#\xd8\xcd\
5f\xdb\x9e[\xff\xb8A\xf8\xebA\xe6\xf0\xf1\xaf_\
\x8eW\xaf}\xdc\xbe\x8c\xadd\xad\xc3\xa4w\xbd\x06\xb6\
\xefU\xa5\xe4lPS\x8aL\xb3\xc1Z\x83\x8b\xe1\xb6\
o\xfeu\xbe\x96w\x0dW\xe9\x96\x088g\xc7l\xbd\
\x1b\x98\xeb\xefe@\xac\xceT\xa5\x84\x82\xe1~\x0e\xd0\
/~\xe7\xf6\xb9\xe1c\xb0\xbd\xd6\xec\x8f\xf7[\xf3\xfe\
\x05\xd7\xdb\xc1q\xf7\x5cs\xcd\xb5\xf7\x8f\xdf\xc1\x85\xbd\
V3\xd8\xdd\x02\x81,\xa8!\xa5T\xca\xcc\x10I\x92\
\xa4Ph\x0e\xf1\x102\x902\x88\xf4R\xa10\xc4\xa1\
 \xc6\x88AD\x11B\x0c\x11\x12\x09F\x84$I\x90\
\x14\x16&\x1d\x1bX\xc8L\xd3!@\xadu\x8f\xf7\x03\
\xb4\xe4\xf7O.\x88\xdc,@\xd7fi\xf07T\xcd\
\x95I\x9d\x16\xaf9\x00\xa4\xdde\xa2\xbaGN\x93(\
\xf4gFE\x98\x17=\xe2<\xaa\xc2 \x88\xc3\xfc\xe4\
\x8e\xc9z\xbf\x93|\x1f\xbf\xe1I\xfeR\xca\xab\x0ex\
\xa7\xf7\x99\xe6+\xd1\x99^uq\xf8\x88>r\xb8\x16\
\xbc\xb5e\x81\xaa\x1fn*p\xdc\xf0\xb4\xe8\x8d\xfb\xd2\
\x8c\x0d\x83\xd2\x14\x8c\x19+\xf7\x87\xca\xa7\x9aU<\x82\
\xa9\x1bK\x17\x98 \x00\xc6U\xb3\xf4\xd8\xd1\xe9-Z\
v\xbc@N\xc4\x1a/\x92N\x17\x02\xa0\xaf\x9c\x81\x91\
\x82\x8d4\xb9\xabD\xb0\xd2R\xde\x9a}\x01YS\xdc\
\x8b \xa9\x97>\x1e\x8eA\x97\x8d4e\xa9\xc7H!\
\xe8\x94\xa4\x9d\xa9\xac.\xb9\xf8h@\x03I\x22\x84X\
n\xef\xd2\xd8\x1e\xfa\x8d\x09\xdb\xc19.$\x0a\x0ej\
\x87\xa1\x02U4/\xbb\xb4\xea\xd3vh\xaa\xd4a\x94\
\x84BG\xdf\x03\xf4\x1dT\xc3\xba\xdd\xa2\x88\xb1\x91\x04\
\xe5a-\x17\xb6M&t\xda\x05\x86\xcb\xf6\x19\xfe\xbe\
7,\xb6j\x1b\x1f\x9fFZ\x1b\x01\xbd\xda+R\x91\
\x8e94\xaaUH\x8f\xaf\xe2\x92\x8db:\xd5\x7f\xce\
\x84b\x0d<r\xa4\xc7\x98\xc3w\x91\x17d\xae\x1b\xc3\
;\xbc;\xbf\x13\xb5\xace\xf75\x19I\x98\xf6\xc8U\
\x01\x8f)[,\x04b\xfa\xd5\x14\x06\xcc\xc2\x0c\xee\xa6\
d\xaa\xb27\xfd\xfc\x03\xdf?}\xb6u\x0a\xf2i\xc7\
\xbfFy=\xc4^\xb8gDh\x0d\xdbGEn\xed\
\x9a7^?\xbbv7\xb2\xf7t\xb0\x1au\x93!\xf3\
\xcba\xdd\x00\x1d\x85Scv\x0dO\xca\xaf\xdd\xc0\x1f\
\xd5SJc\x8f\x89\x1d\x7f#\x12\xcc\xa87\xaa\xc67\
\x93\x02\xaa\xe4_>R\x9e\xbf\x22\x18A\xa1'\xe3\x18\
c\x81N\x06=,\x22\xd1C\x9c\xdf\xf3\xb0o\xf1t\
\xd7\x06 \xab\xa4\xa3\xcf\xa4\xf8h\xe5\x05\xe4\x99\xe4\x8c\
[\x80\xcc\x1e*\xf9\xec\x1a\x00Im\xee\xf7Tb\x1f\
\x04\xa3\xeb\x8f\xeb`\xbd\xccb\x17\xd0\xc3\xfb\x81)\xc6\
\x0a\xdeN!sP+\xc5H\x12&\x0c;\x14\x88\xed\
\xd4\x12t\x10\xd8\xb3\x14\xc1\x0c^t\xceT\x88\xf2\xf5\
\xb2 \x06\x05v\xa1\x96C\x1eu\xb0\x82\xe9O\xa3\xe0\
\xf7\xbd>M&_\xca\x12\x13\xba\xfbH\xa0\xc3\xce\xd2\
\xf3\x03\xfaLm\xa5\x99,\xf1\xd2\x87n\xefP\x1f\xbe\
\xba*\
"

qt_resource_name = b"\
\x00\x05\
\x00o\xa6S\
\x00i\
\x00c\x00o\x00n\x00s\
\x00\x06\
\x07\x03}\xc3\
\x00i\
\x00m\x00a\x00g\x00e\x00s\
\x00\x12\
\x0c\xb3\xaf\xff\
\x00g\
\x00n\x00s\x003\x00_\x00w\x00e\x00b\x00c\x00l\x00i\x00e\x00n\x00t\x00.\x00i\x00c\
\x00o\
\x00\x0d\
\x09\x8fz\x87\
\x00g\
\x00n\x00s\x003\x00_\x00l\x00o\x00g\x00o\x00.\x00p\x00n\x00g\
\x00\x08\
\x0c3W\x07\
\x00h\
\x00e\x00l\x00p\x00.\x00s\x00v\x00g\
\x00\x0a\
\x05xB\xa7\
\x00r\
\x00e\x00l\x00o\x00a\x00d\x00.\x00s\x00v\x00g\
\x00\x0a\
\x0c\xf7\x16G\
\x00c\
\x00o\x00n\x00f\x00i\x00g\x00.\x00s\x00v\x00g\
\x00\x08\
\x0c\x07U\xc7\
\x00q\
\x00u\x00i\x00t\x00.\x00s\x00v\x00g\
"

qt_resource_struct = b"\
\x00\x00\x00\x00\x00\x02\x00\x00\x00\x02\x00\x00\x00\x01\
\x00\x00\x00\x00\x00\x00\x00\x00\
\x00\x00\x00\x00\x00\x02\x00\x00\x00\x04\x00\x00\x00\x05\
\x00\x00\x00\x00\x00\x00\x00\x00\
\x00\x00\x00\x10\x00\x02\x00\x00\x00\x02\x00\x00\x00\x03\
\x00\x00\x00\x00\x00\x00\x00\x00\
\x00\x00\x00L\x00\x00\x00\x00\x00\x01\x00\x00\xa4e\
\x00\x00\x01\x82D`\xadd\
\x00\x00\x00\x22\x00\x04\x00\x00\x00\x01\x00\x00\x00\x00\
\x00\x00\x01\x82D`\xadh\
\x00\x00\x00\x82\x00\x00\x00\x00\x00\x01\x00\x00\xca\xeb\
\x00\x00\x01\x82D`\xadd\
\x00\x00\x00\xb6\x00\x04\x00\x00\x00\x01\x00\x00\xea-\
\x00\x00\x01\x82D`\xadd\
\x00\x00\x00l\x00\x04\x00\x00\x00\x01\x00\x00\xc3Z\
\x00\x00\x01\x82D`\xadd\
\x00\x00\x00\x9c\x00\x00\x00\x00\x00\x01\x00\x00\xd3\xd2\
\x00\x00\x01\x82D`\xadd\
"

def qInitResources():
    QtCore.qRegisterResourceData(0x03, qt_resource_struct, qt_resource_name, qt_resource_data)

def qCleanupResources():
    QtCore.qUnregisterResourceData(0x03, qt_resource_struct, qt_resource_name, qt_resource_data)

qInitResources()
